,segment,country,product,discount_band,units_sold,manufacturing_price,sale_price,gross_sales,discounts,sales,cogs,profit,date,month_number,month_name,year
0,government,canada,carretera,none,1618,3.0,20.0,32370.0,0.0,32370.0,16185.0,16185.0,2014-01-01,1,january,2014
1,government,germany,carretera,none,1321,3.0,20.0,26420.0,0.0,26420.0,13210.0,13210.0,2014-01-01,1,january,2014
2,midmarket,france,carretera,none,2178,3.0,15.0,32670.0,0.0,32670.0,21780.0,10890.0,2014-06-01,6,june,2014
3,midmarket,germany,carretera,none,888,3.0,15.0,13320.0,0.0,13320.0,8880.0,4440.0,2014-06-01,6,june,2014
4,midmarket,mexico,carretera,none,2470,3.0,15.0,37050.0,0.0,37050.0,24700.0,12350.0,2014-06-01,6,june,2014
5,government,germany,carretera,none,1513,3.0,350.0,529550.0,0.0,529550.0,393380.0,136170.0,2014-12-01,12,december,2014
6,midmarket,germany,montana,none,921,5.0,15.0,13815.0,0.0,13815.0,9210.0,4605.0,2014-03-01,3,march,2014
7,channel partners,canada,montana,none,2518,5.0,12.0,30216.0,0.0,30216.0,7554.0,22662.0,2014-06-01,6,june,2014
8,government,france,montana,none,1899,5.0,20.0,37980.0,0.0,37980.0,18990.0,18990.0,2014-06-01,6,june,2014
9,channel partners,germany,montana,none,1545,5.0,12.0,18540.0,0.0,18540.0,4635.0,13905.0,2014-06-01,6,june,2014
10,midmarket,mexico,montana,none,2470,5.0,15.0,37050.0,0.0,37050.0,24700.0,12350.0,2014-06-01,6,june,2014
11,enterprise,canada,montana,none,2665,5.0,125.0,333187.5,0.0,333187.5,319860.0,13327.5,2014-07-01,7,july,2014
12,small business,mexico,montana,none,958,5.0,300.0,287400.0,0.0,287400.0,239500.0,47900.0,2014-08-01,8,august,2014
13,government,germany,montana,none,2146,5.0,7.0,15022.0,0.0,15022.0,10730.0,4292.0,2014-09-01,9,september,2014
14,enterprise,canada,montana,none,345,5.0,125.0,43125.0,0.0,43125.0,41400.0,1725.0,2013-10-01,10,october,2013
15,midmarket,united states of america,montana,none,615,5.0,15.0,9225.0,0.0,9225.0,6150.0,3075.0,2014-12-01,12,december,2014
16,government,canada,paseo,none,292,10.0,20.0,5840.0,0.0,5840.0,2920.0,2920.0,2014-02-01,2,february,2014
17,midmarket,mexico,paseo,none,974,10.0,15.0,14610.0,0.0,14610.0,9740.0,4870.0,2014-02-01,2,february,2014
18,channel partners,canada,paseo,none,2518,10.0,12.0,30216.0,0.0,30216.0,7554.0,22662.0,2014-06-01,6,june,2014
19,government,germany,paseo,none,1006,10.0,350.0,352100.0,0.0,352100.0,261560.0,90540.0,2014-06-01,6,june,2014
20,channel partners,germany,paseo,none,367,10.0,12.0,4404.0,0.0,4404.0,1101.0,3303.0,2014-07-01,7,july,2014
21,government,mexico,paseo,none,883,10.0,7.0,6181.0,0.0,6181.0,4415.0,1766.0,2014-08-01,8,august,2014
22,midmarket,france,paseo,none,549,10.0,15.0,8235.0,0.0,8235.0,5490.0,2745.0,2013-09-01,9,september,2013
23,small business,mexico,paseo,none,788,10.0,300.0,236400.0,0.0,236400.0,197000.0,39400.0,2013-09-01,9,september,2013
24,midmarket,mexico,paseo,none,2472,10.0,15.0,37080.0,0.0,37080.0,24720.0,12360.0,2014-09-01,9,september,2014
25,government,united states of america,paseo,none,1143,10.0,7.0,8001.0,0.0,8001.0,5715.0,2286.0,2014-10-01,10,october,2014
26,government,canada,paseo,none,1725,10.0,350.0,603750.0,0.0,603750.0,448500.0,155250.0,2013-11-01,11,november,2013
27,channel partners,united states of america,paseo,none,912,10.0,12.0,10944.0,0.0,10944.0,2736.0,8208.0,2013-11-01,11,november,2013
28,midmarket,canada,paseo,none,2152,10.0,15.0,32280.0,0.0,32280.0,21520.0,10760.0,2013-12-01,12,december,2013
29,government,canada,paseo,none,1817,10.0,20.0,36340.0,0.0,36340.0,18170.0,18170.0,2014-12-01,12,december,2014
30,government,germany,paseo,none,1513,10.0,350.0,529550.0,0.0,529550.0,393380.0,136170.0,2014-12-01,12,december,2014
31,government,mexico,velo,none,1493,120.0,7.0,10451.0,0.0,10451.0,7465.0,2986.0,2014-01-01,1,january,2014
32,enterprise,france,velo,none,1804,120.0,125.0,225500.0,0.0,225500.0,216480.0,9020.0,2014-02-01,2,february,2014
33,channel partners,germany,velo,none,2161,120.0,12.0,25932.0,0.0,25932.0,6483.0,19449.0,2014-03-01,3,march,2014
34,government,germany,velo,none,1006,120.0,350.0,352100.0,0.0,352100.0,261560.0,90540.0,2014-06-01,6,june,2014
35,channel partners,germany,velo,none,1545,120.0,12.0,18540.0,0.0,18540.0,4635.0,13905.0,2014-06-01,6,june,2014
36,enterprise,united states of america,velo,none,2821,120.0,125.0,352625.0,0.0,352625.0,338520.0,14105.0,2014-08-01,8,august,2014
37,enterprise,canada,velo,none,345,120.0,125.0,43125.0,0.0,43125.0,41400.0,1725.0,2013-10-01,10,october,2013
38,small business,canada,vtt,none,2001,250.0,300.0,600300.0,0.0,600300.0,500250.0,100050.0,2014-02-01,2,february,2014
39,channel partners,germany,vtt,none,2838,250.0,12.0,34056.0,0.0,34056.0,8514.0,25542.0,2014-04-01,4,april,2014
40,midmarket,france,vtt,none,2178,250.0,15.0,32670.0,0.0,32670.0,21780.0,10890.0,2014-06-01,6,june,2014
41,midmarket,germany,vtt,none,888,250.0,15.0,13320.0,0.0,13320.0,8880.0,4440.0,2014-06-01,6,june,2014
42,government,france,vtt,none,1527,250.0,350.0,534450.0,0.0,534450.0,397020.0,137430.0,2013-09-01,9,september,2013
43,small business,france,vtt,none,2151,250.0,300.0,645300.0,0.0,645300.0,537750.0,107550.0,2014-09-01,9,september,2014
44,government,canada,vtt,none,1817,250.0,20.0,36340.0,0.0,36340.0,18170.0,18170.0,2014-12-01,12,december,2014
45,government,france,amarilla,none,2750,260.0,350.0,962500.0,0.0,962500.0,715000.0,247500.0,2014-02-01,2,february,2014
46,channel partners,united states of america,amarilla,none,1953,260.0,12.0,23436.0,0.0,23436.0,5859.0,17577.0,2014-04-01,4,april,2014
47,enterprise,germany,amarilla,none,4219,260.0,125.0,527437.5,0.0,527437.5,506340.0,21097.5,2014-04-01,4,april,2014
48,government,france,amarilla,none,1899,260.0,20.0,37980.0,0.0,37980.0,18990.0,18990.0,2014-06-01,6,june,2014
49,government,germany,amarilla,none,1686,260.0,7.0,11802.0,0.0,11802.0,8430.0,3372.0,2014-07-01,7,july,2014
50,channel partners,united states of america,amarilla,none,2141,260.0,12.0,25692.0,0.0,25692.0,6423.0,19269.0,2014-08-01,8,august,2014
51,government,united states of america,amarilla,none,1143,260.0,7.0,8001.0,0.0,8001.0,5715.0,2286.0,2014-10-01,10,october,2014
52,midmarket,united states of america,amarilla,none,615,260.0,15.0,9225.0,0.0,9225.0,6150.0,3075.0,2014-12-01,12,december,2014
53,government,france,paseo,low,3945,10.0,7.0,27615.0,276.15,27338.85,19725.0,7613.8499999999985,2014-01-01,1,january,2014
54,midmarket,france,paseo,low,2296,10.0,15.0,34440.0,344.4,34095.6,22960.0,11135.599999999999,2014-02-01,2,february,2014
55,government,france,paseo,low,1030,10.0,7.0,7210.0,72.1,7137.9,5150.0,1987.8999999999996,2014-05-01,5,may,2014
56,government,france,velo,low,639,120.0,7.0,4473.0,44.73,4428.27,3195.0,1233.2700000000004,2014-11-01,11,november,2014
57,government,canada,vtt,low,1326,250.0,7.0,9282.0,92.82,9189.18,6630.0,2559.1800000000003,2014-03-01,3,march,2014
58,channel partners,united states of america,carretera,low,1858,3.0,12.0,22296.0,222.96,22073.04,5574.0,16499.04,2014-02-01,2,february,2014
59,government,mexico,carretera,low,1210,3.0,350.0,423500.0,4235.0,419265.0,314600.0,104665.0,2014-03-01,3,march,2014
60,government,united states of america,carretera,low,2529,3.0,7.0,17703.0,177.03,17525.97,12645.0,4880.970000000001,2014-07-01,7,july,2014
61,channel partners,canada,carretera,low,1445,3.0,12.0,17340.0,173.4,17166.6,4335.0,12831.599999999999,2014-09-01,9,september,2014
62,enterprise,united states of america,carretera,low,330,3.0,125.0,41250.0,412.5,40837.5,39600.0,1237.5,2013-09-01,9,september,2013
63,channel partners,france,carretera,low,2671,3.0,12.0,32052.0,320.52,31731.48,8013.0,23718.48,2014-09-01,9,september,2014
64,channel partners,germany,carretera,low,766,3.0,12.0,9192.0,91.92,9100.08,2298.0,6802.08,2013-10-01,10,october,2013
65,small business,mexico,carretera,low,494,3.0,300.0,148200.0,1482.0,146718.0,123500.0,23218.0,2013-10-01,10,october,2013
66,government,mexico,carretera,low,1397,3.0,350.0,488950.0,4889.5,484060.5,363220.0,120840.5,2014-10-01,10,october,2014
67,government,france,carretera,low,2155,3.0,350.0,754250.0,7542.5,746707.5,560300.0,186407.5,2014-12-01,12,december,2014
68,midmarket,mexico,montana,low,2214,5.0,15.0,33210.0,332.1,32877.9,22140.0,10737.900000000001,2014-03-01,3,march,2014
69,small business,united states of america,montana,low,2301,5.0,300.0,690300.0,6903.0,683397.0,575250.0,108147.0,2014-04-01,4,april,2014
70,government,france,montana,low,1375,5.0,20.0,27510.0,275.1,27234.9,13755.0,13479.900000000001,2014-07-01,7,july,2014
71,government,canada,montana,low,1830,5.0,7.0,12810.0,128.1,12681.9,9150.0,3531.8999999999996,2014-08-01,8,august,2014
72,small business,united states of america,montana,low,2498,5.0,300.0,749400.0,7494.0,741906.0,624500.0,117406.0,2013-09-01,9,september,2013
73,enterprise,united states of america,montana,low,663,5.0,125.0,82875.0,828.75,82046.25,79560.0,2486.25,2013-10-01,10,october,2013
74,midmarket,united states of america,paseo,low,1514,10.0,15.0,22710.0,227.1,22482.9,15140.0,7342.9000000000015,2014-02-01,2,february,2014
75,government,united states of america,paseo,low,4492,10.0,7.0,31447.5,314.48,31133.03,22462.5,8670.529999999999,2014-04-01,4,april,2014
76,enterprise,united states of america,paseo,low,727,10.0,125.0,90875.0,908.75,89966.25,87240.0,2726.25,2014-06-01,6,june,2014
77,enterprise,france,paseo,low,787,10.0,125.0,98375.0,983.75,97391.25,94440.0,2951.25,2014-06-01,6,june,2014
78,enterprise,mexico,paseo,low,1823,10.0,125.0,227875.0,2278.75,225596.25,218760.0,6836.25,2014-07-01,7,july,2014
79,midmarket,germany,paseo,low,747,10.0,15.0,11205.0,112.05,11092.95,7470.0,3622.9500000000007,2014-09-01,9,september,2014
80,channel partners,germany,paseo,low,766,10.0,12.0,9192.0,91.92,9100.08,2298.0,6802.08,2013-10-01,10,october,2013
81,small business,united states of america,paseo,low,2905,10.0,300.0,871500.0,8715.0,862785.0,726250.0,136535.0,2014-11-01,11,november,2014
82,government,france,paseo,low,2155,10.0,350.0,754250.0,7542.5,746707.5,560300.0,186407.5,2014-12-01,12,december,2014
83,government,france,velo,low,3864,120.0,20.0,77280.0,772.8,76507.2,38640.0,37867.2,2014-04-01,4,april,2014
84,government,mexico,velo,low,362,120.0,7.0,2534.0,25.34,2508.66,1810.0,698.6599999999999,2014-05-01,5,may,2014
85,enterprise,canada,velo,low,923,120.0,125.0,115375.0,1153.75,114221.25,110760.0,3461.25,2014-08-01,8,august,2014
86,enterprise,united states of america,velo,low,663,120.0,125.0,82875.0,828.75,82046.25,79560.0,2486.25,2013-10-01,10,october,2013
87,government,canada,velo,low,2092,120.0,7.0,14644.0,146.44,14497.56,10460.0,4037.5599999999995,2013-11-01,11,november,2013
88,government,germany,vtt,low,263,250.0,7.0,1841.0,18.41,1822.59,1315.0,507.5899999999999,2014-03-01,3,march,2014
89,government,canada,vtt,low,943,250.0,350.0,330225.0,3302.25,326922.75,245310.0,81612.75,2014-04-01,4,april,2014
90,enterprise,united states of america,vtt,low,727,250.0,125.0,90875.0,908.75,89966.25,87240.0,2726.25,2014-06-01,6,june,2014
91,enterprise,france,vtt,low,787,250.0,125.0,98375.0,983.75,97391.25,94440.0,2951.25,2014-06-01,6,june,2014
92,small business,germany,vtt,low,986,250.0,300.0,295800.0,2958.0,292842.0,246500.0,46342.0,2014-09-01,9,september,2014
93,small business,mexico,vtt,low,494,250.0,300.0,148200.0,1482.0,146718.0,123500.0,23218.0,2013-10-01,10,october,2013
94,government,mexico,vtt,low,1397,250.0,350.0,488950.0,4889.5,484060.5,363220.0,120840.5,2014-10-01,10,october,2014
95,enterprise,france,vtt,low,1744,250.0,125.0,218000.0,2180.0,215820.0,209280.0,6540.0,2014-11-01,11,november,2014
96,channel partners,united states of america,amarilla,low,1989,260.0,12.0,23868.0,238.68,23629.32,5967.0,17662.32,2013-09-01,9,september,2013
97,midmarket,france,amarilla,low,321,260.0,15.0,4815.0,48.15,4766.85,3210.0,1556.8500000000004,2013-11-01,11,november,2013
98,enterprise,canada,carretera,low,742,3.0,125.0,92812.5,1856.25,90956.25,89100.0,1856.25,2014-04-01,4,april,2014
99,channel partners,canada,carretera,low,1295,3.0,12.0,15540.0,310.8,15229.2,3885.0,11344.2,2014-10-01,10,october,2014
100,small business,germany,carretera,low,214,3.0,300.0,64200.0,1284.0,62916.0,53500.0,9416.0,2013-10-01,10,october,2013
101,government,france,carretera,low,2145,3.0,7.0,15015.0,300.3,14714.7,10725.0,3989.7000000000007,2013-11-01,11,november,2013
102,government,canada,carretera,low,2852,3.0,350.0,998200.0,19964.0,978236.0,741520.0,236716.0,2014-12-01,12,december,2014
103,channel partners,united states of america,montana,low,1142,5.0,12.0,13704.0,274.08,13429.92,3426.0,10003.92,2014-06-01,6,june,2014
104,government,united states of america,montana,low,1566,5.0,20.0,31320.0,626.4,30693.6,15660.0,15033.599999999999,2014-10-01,10,october,2014
105,channel partners,mexico,montana,low,690,5.0,12.0,8280.0,165.6,8114.4,2070.0,6044.4,2014-11-01,11,november,2014
106,enterprise,mexico,montana,low,1660,5.0,125.0,207500.0,4150.0,203350.0,199200.0,4150.0,2013-11-01,11,november,2013
107,midmarket,canada,paseo,low,2363,10.0,15.0,35445.0,708.9,34736.1,23630.0,11106.099999999999,2014-02-01,2,february,2014
108,small business,france,paseo,low,918,10.0,300.0,275400.0,5508.0,269892.0,229500.0,40392.0,2014-05-01,5,may,2014
109,small business,germany,paseo,low,1728,10.0,300.0,518400.0,10368.0,508032.0,432000.0,76032.0,2014-05-01,5,may,2014
110,channel partners,united states of america,paseo,low,1142,10.0,12.0,13704.0,274.08,13429.92,3426.0,10003.92,2014-06-01,6,june,2014
111,enterprise,mexico,paseo,low,662,10.0,125.0,82750.0,1655.0,81095.0,79440.0,1655.0,2014-06-01,6,june,2014
112,channel partners,canada,paseo,low,1295,10.0,12.0,15540.0,310.8,15229.2,3885.0,11344.2,2014-10-01,10,october,2014
113,enterprise,germany,paseo,low,809,10.0,125.0,101125.0,2022.5,99102.5,97080.0,2022.5,2013-10-01,10,october,2013
114,enterprise,mexico,paseo,low,2145,10.0,125.0,268125.0,5362.5,262762.5,257400.0,5362.5,2013-10-01,10,october,2013
115,channel partners,france,paseo,low,1785,10.0,12.0,21420.0,428.4,20991.6,5355.0,15636.599999999999,2013-11-01,11,november,2013
116,small business,canada,paseo,low,1916,10.0,300.0,574800.0,11496.0,563304.0,479000.0,84304.0,2014-12-01,12,december,2014
117,government,canada,paseo,low,2852,10.0,350.0,998200.0,19964.0,978236.0,741520.0,236716.0,2014-12-01,12,december,2014
118,enterprise,canada,paseo,low,2729,10.0,125.0,341125.0,6822.5,334302.5,327480.0,6822.5,2014-12-01,12,december,2014
119,midmarket,united states of america,paseo,low,1925,10.0,15.0,28875.0,577.5,28297.5,19250.0,9047.5,2013-12-01,12,december,2013
120,government,united states of america,paseo,low,2013,10.0,7.0,14091.0,281.82,13809.18,10065.0,3744.1800000000003,2013-12-01,12,december,2013
121,channel partners,france,paseo,low,1055,10.0,12.0,12660.0,253.2,12406.8,3165.0,9241.8,2014-12-01,12,december,2014
122,channel partners,mexico,paseo,low,1084,10.0,12.0,13008.0,260.16,12747.84,3252.0,9495.84,2014-12-01,12,december,2014
123,government,united states of america,velo,low,1566,120.0,20.0,31320.0,626.4,30693.6,15660.0,15033.599999999999,2014-10-01,10,october,2014
124,government,germany,velo,low,2966,120.0,350.0,1038100.0,20762.0,1017338.0,771160.0,246178.0,2013-10-01,10,october,2013
125,government,germany,velo,low,2877,120.0,350.0,1006950.0,20139.0,986811.0,748020.0,238791.0,2014-10-01,10,october,2014
126,enterprise,germany,velo,low,809,120.0,125.0,101125.0,2022.5,99102.5,97080.0,2022.5,2013-10-01,10,october,2013
127,enterprise,mexico,velo,low,2145,120.0,125.0,268125.0,5362.5,262762.5,257400.0,5362.5,2013-10-01,10,october,2013
128,channel partners,france,velo,low,1055,120.0,12.0,12660.0,253.2,12406.8,3165.0,9241.8,2014-12-01,12,december,2014
129,government,mexico,velo,low,544,120.0,20.0,10880.0,217.6,10662.4,5440.0,5222.4,2013-12-01,12,december,2013
130,channel partners,mexico,velo,low,1084,120.0,12.0,13008.0,260.16,12747.84,3252.0,9495.84,2014-12-01,12,december,2014
131,enterprise,mexico,vtt,low,662,250.0,125.0,82750.0,1655.0,81095.0,79440.0,1655.0,2014-06-01,6,june,2014
132,small business,germany,vtt,low,214,250.0,300.0,64200.0,1284.0,62916.0,53500.0,9416.0,2013-10-01,10,october,2013
133,government,germany,vtt,low,2877,250.0,350.0,1006950.0,20139.0,986811.0,748020.0,238791.0,2014-10-01,10,october,2014
134,enterprise,canada,vtt,low,2729,250.0,125.0,341125.0,6822.5,334302.5,327480.0,6822.5,2014-12-01,12,december,2014
135,government,united states of america,vtt,low,266,250.0,350.0,93100.0,1862.0,91238.0,69160.0,22078.0,2013-12-01,12,december,2013
136,government,mexico,vtt,low,1940,250.0,350.0,679000.0,13580.0,665420.0,504400.0,161020.0,2013-12-01,12,december,2013
137,small business,germany,amarilla,low,259,260.0,300.0,77700.0,1554.0,76146.0,64750.0,11396.0,2014-03-01,3,march,2014
138,small business,mexico,amarilla,low,1101,260.0,300.0,330300.0,6606.0,323694.0,275250.0,48444.0,2014-03-01,3,march,2014
139,enterprise,germany,amarilla,low,2276,260.0,125.0,284500.0,5690.0,278810.0,273120.0,5690.0,2014-05-01,5,may,2014
140,government,germany,amarilla,low,2966,260.0,350.0,1038100.0,20762.0,1017338.0,771160.0,246178.0,2013-10-01,10,october,2013
141,government,united states of america,amarilla,low,1236,260.0,20.0,24720.0,494.4,24225.6,12360.0,11865.599999999999,2014-11-01,11,november,2014
142,government,france,amarilla,low,941,260.0,20.0,18820.0,376.4,18443.6,9410.0,9033.599999999999,2014-11-01,11,november,2014
143,small business,canada,amarilla,low,1916,260.0,300.0,574800.0,11496.0,563304.0,479000.0,84304.0,2014-12-01,12,december,2014
144,enterprise,france,carretera,low,4243,3.0,125.0,530437.5,15913.13,514524.38,509220.0,5304.380000000005,2014-04-01,4,april,2014
145,government,germany,carretera,low,2580,3.0,20.0,51600.0,1548.0,50052.0,25800.0,24252.0,2014-04-01,4,april,2014
146,small business,germany,carretera,low,689,3.0,300.0,206700.0,6201.0,200499.0,172250.0,28249.0,2014-06-01,6,june,2014
147,channel partners,united states of america,carretera,low,1947,3.0,12.0,23364.0,700.92,22663.08,5841.0,16822.08,2014-09-01,9,september,2014
148,channel partners,canada,carretera,low,908,3.0,12.0,10896.0,326.88,10569.12,2724.0,7845.120000000001,2013-12-01,12,december,2013
149,government,germany,montana,low,1958,5.0,7.0,13706.0,411.18,13294.82,9790.0,3504.8199999999997,2014-02-01,2,february,2014
150,channel partners,france,montana,low,1901,5.0,12.0,22812.0,684.36,22127.64,5703.0,16424.64,2014-06-01,6,june,2014
151,government,france,montana,low,544,5.0,7.0,3808.0,114.24,3693.76,2720.0,973.7600000000002,2014-09-01,9,september,2014
152,government,germany,montana,low,1797,5.0,350.0,628950.0,18868.5,610081.5,467220.0,142861.5,2013-09-01,9,september,2013
153,enterprise,france,montana,low,1287,5.0,125.0,160875.0,4826.25,156048.75,154440.0,1608.75,2014-12-01,12,december,2014
154,enterprise,germany,montana,low,1706,5.0,125.0,213250.0,6397.5,206852.5,204720.0,2132.5,2014-12-01,12,december,2014
155,small business,france,paseo,low,2434,10.0,300.0,730350.0,21910.5,708439.5,608625.0,99814.5,2014-01-01,1,january,2014
156,enterprise,canada,paseo,low,1774,10.0,125.0,221750.0,6652.5,215097.5,212880.0,2217.5,2014-03-01,3,march,2014
157,channel partners,france,paseo,low,1901,10.0,12.0,22812.0,684.36,22127.64,5703.0,16424.64,2014-06-01,6,june,2014
158,small business,germany,paseo,low,689,10.0,300.0,206700.0,6201.0,200499.0,172250.0,28249.0,2014-06-01,6,june,2014
159,enterprise,germany,paseo,low,1570,10.0,125.0,196250.0,5887.5,190362.5,188400.0,1962.5,2014-06-01,6,june,2014
160,channel partners,united states of america,paseo,low,1369,10.0,12.0,16434.0,493.02,15940.98,4108.5,11832.48,2014-07-01,7,july,2014
161,enterprise,canada,paseo,low,2009,10.0,125.0,251125.0,7533.75,243591.25,241080.0,2511.25,2014-10-01,10,october,2014
162,midmarket,germany,paseo,low,1945,10.0,15.0,29175.0,875.25,28299.75,19450.0,8849.75,2013-10-01,10,october,2013
163,enterprise,france,paseo,low,1287,10.0,125.0,160875.0,4826.25,156048.75,154440.0,1608.75,2014-12-01,12,december,2014
164,enterprise,germany,paseo,low,1706,10.0,125.0,213250.0,6397.5,206852.5,204720.0,2132.5,2014-12-01,12,december,2014
165,enterprise,canada,velo,low,2009,120.0,125.0,251125.0,7533.75,243591.25,241080.0,2511.25,2014-10-01,10,october,2014
166,small business,united states of america,vtt,low,2844,250.0,300.0,853200.0,25596.0,827604.0,711000.0,116604.0,2014-02-01,2,february,2014
167,channel partners,mexico,vtt,low,1916,250.0,12.0,22992.0,689.76,22302.24,5748.0,16554.24,2014-04-01,4,april,2014
168,enterprise,germany,vtt,low,1570,250.0,125.0,196250.0,5887.5,190362.5,188400.0,1962.5,2014-06-01,6,june,2014
169,small business,canada,vtt,low,1874,250.0,300.0,562200.0,16866.0,545334.0,468500.0,76834.0,2014-08-01,8,august,2014
170,government,mexico,vtt,low,1642,250.0,350.0,574700.0,17241.0,557459.0,426920.0,130539.0,2014-08-01,8,august,2014
171,midmarket,germany,vtt,low,1945,250.0,15.0,29175.0,875.25,28299.75,19450.0,8849.75,2013-10-01,10,october,2013
172,government,canada,carretera,low,831,3.0,20.0,16620.0,498.6,16121.4,8310.0,7811.4,2014-05-01,5,may,2014
173,government,mexico,paseo,low,1760,10.0,7.0,12320.0,369.6,11950.4,8800.0,3150.3999999999996,2013-09-01,9,september,2013
174,government,canada,velo,low,3850,120.0,20.0,77010.0,2310.3,74699.7,38505.0,36194.7,2014-04-01,4,april,2014
175,channel partners,germany,vtt,low,2479,250.0,12.0,29748.0,892.44,28855.56,7437.0,21418.56,2014-01-01,1,january,2014
176,midmarket,mexico,montana,low,2031,5.0,15.0,30465.0,1218.6,29246.4,20310.0,8936.400000000001,2014-10-01,10,october,2014
177,midmarket,mexico,paseo,low,2031,10.0,15.0,30465.0,1218.6,29246.4,20310.0,8936.400000000001,2014-10-01,10,october,2014
178,midmarket,france,paseo,low,2261,10.0,15.0,33915.0,1356.6,32558.4,22610.0,9948.400000000001,2013-12-01,12,december,2013
179,government,united states of america,velo,low,736,120.0,20.0,14720.0,588.8,14131.2,7360.0,6771.200000000001,2013-09-01,9,september,2013
180,government,canada,carretera,low,2851,3.0,7.0,19957.0,798.28,19158.72,14255.0,4903.720000000001,2013-10-01,10,october,2013
181,small business,germany,carretera,low,2021,3.0,300.0,606300.0,24252.0,582048.0,505250.0,76798.0,2014-10-01,10,october,2014
182,government,united states of america,carretera,low,274,3.0,350.0,95900.0,3836.0,92064.0,71240.0,20824.0,2014-12-01,12,december,2014
183,midmarket,canada,montana,low,1967,5.0,15.0,29505.0,1180.2,28324.8,19670.0,8654.8,2014-03-01,3,march,2014
184,small business,germany,montana,low,1859,5.0,300.0,557700.0,22308.0,535392.0,464750.0,70642.0,2014-08-01,8,august,2014
185,government,canada,montana,low,2851,5.0,7.0,19957.0,798.28,19158.72,14255.0,4903.720000000001,2013-10-01,10,october,2013
186,small business,germany,montana,low,2021,5.0,300.0,606300.0,24252.0,582048.0,505250.0,76798.0,2014-10-01,10,october,2014
187,enterprise,mexico,montana,low,1138,5.0,125.0,142250.0,5690.0,136560.0,136560.0,0.0,2014-12-01,12,december,2014
188,government,canada,paseo,low,4251,10.0,7.0,29757.0,1190.28,28566.72,21255.0,7311.720000000001,2014-01-01,1,january,2014
189,enterprise,germany,paseo,low,795,10.0,125.0,99375.0,3975.0,95400.0,95400.0,0.0,2014-03-01,3,march,2014
190,small business,germany,paseo,low,1414,10.0,300.0,424350.0,16974.0,407376.0,353625.0,53751.0,2014-04-01,4,april,2014
191,small business,united states of america,paseo,low,2918,10.0,300.0,875400.0,35016.0,840384.0,729500.0,110884.0,2014-05-01,5,may,2014
192,government,united states of america,paseo,low,3450,10.0,350.0,1207500.0,48300.0,1159200.0,897000.0,262200.0,2014-07-01,7,july,2014
193,enterprise,france,paseo,low,2988,10.0,125.0,373500.0,14940.0,358560.0,358560.0,0.0,2014-07-01,7,july,2014
194,midmarket,canada,paseo,low,218,10.0,15.0,3270.0,130.8,3139.2,2180.0,959.1999999999998,2014-09-01,9,september,2014
195,government,canada,paseo,low,2074,10.0,20.0,41480.0,1659.2,39820.8,20740.0,19080.800000000003,2014-09-01,9,september,2014
196,government,united states of america,paseo,low,1056,10.0,20.0,21120.0,844.8,20275.2,10560.0,9715.2,2014-09-01,9,september,2014
197,midmarket,united states of america,paseo,low,671,10.0,15.0,10065.0,402.6,9662.4,6710.0,2952.3999999999996,2013-10-01,10,october,2013
198,midmarket,mexico,paseo,low,1514,10.0,15.0,22710.0,908.4,21801.6,15140.0,6661.5999999999985,2013-10-01,10,october,2013
199,government,united states of america,paseo,low,274,10.0,350.0,95900.0,3836.0,92064.0,71240.0,20824.0,2014-12-01,12,december,2014
200,enterprise,mexico,paseo,low,1138,10.0,125.0,142250.0,5690.0,136560.0,136560.0,0.0,2014-12-01,12,december,2014
201,channel partners,united states of america,velo,low,1465,120.0,12.0,17580.0,703.2,16876.8,4395.0,12481.8,2014-03-01,3,march,2014
202,government,canada,velo,low,2646,120.0,20.0,52920.0,2116.8,50803.2,26460.0,24343.199999999997,2013-09-01,9,september,2013
203,government,france,velo,low,2177,120.0,350.0,761950.0,30478.0,731472.0,566020.0,165452.0,2014-10-01,10,october,2014
204,channel partners,france,vtt,low,866,250.0,12.0,10392.0,415.68,9976.32,2598.0,7378.32,2014-05-01,5,may,2014
205,government,united states of america,vtt,low,349,250.0,350.0,122150.0,4886.0,117264.0,90740.0,26524.0,2013-09-01,9,september,2013
206,government,france,vtt,low,2177,250.0,350.0,761950.0,30478.0,731472.0,566020.0,165452.0,2014-10-01,10,october,2014
207,midmarket,mexico,vtt,low,1514,250.0,15.0,22710.0,908.4,21801.6,15140.0,6661.5999999999985,2013-10-01,10,october,2013
208,government,mexico,amarilla,low,1865,260.0,350.0,652750.0,26110.0,626640.0,484900.0,141740.0,2014-02-01,2,february,2014
209,enterprise,mexico,amarilla,low,1074,260.0,125.0,134250.0,5370.0,128880.0,128880.0,0.0,2014-04-01,4,april,2014
210,government,germany,amarilla,low,1907,260.0,350.0,667450.0,26698.0,640752.0,495820.0,144932.0,2014-09-01,9,september,2014
211,midmarket,united states of america,amarilla,low,671,260.0,15.0,10065.0,402.6,9662.4,6710.0,2952.3999999999996,2013-10-01,10,october,2013
212,government,canada,amarilla,low,1778,260.0,350.0,622300.0,24892.0,597408.0,462280.0,135128.0,2013-12-01,12,december,2013
213,government,germany,montana,medium,1159,5.0,7.0,8113.0,405.65,7707.35,5795.0,1912.3500000000004,2013-10-01,10,october,2013
214,government,germany,paseo,medium,1372,10.0,7.0,9604.0,480.2,9123.8,6860.0,2263.7999999999993,2014-01-01,1,january,2014
215,government,canada,paseo,medium,2349,10.0,7.0,16443.0,822.15,15620.85,11745.0,3875.8500000000004,2013-09-01,9,september,2013
216,government,mexico,paseo,medium,2689,10.0,7.0,18823.0,941.15,17881.85,13445.0,4436.8499999999985,2014-10-01,10,october,2014
217,channel partners,canada,paseo,medium,2431,10.0,12.0,29172.0,1458.6,27713.4,7293.0,20420.4,2014-12-01,12,december,2014
218,channel partners,canada,velo,medium,2431,120.0,12.0,29172.0,1458.6,27713.4,7293.0,20420.4,2014-12-01,12,december,2014
219,government,mexico,vtt,medium,2689,250.0,7.0,18823.0,941.15,17881.85,13445.0,4436.8499999999985,2014-10-01,10,october,2014
220,government,mexico,amarilla,medium,1683,260.0,7.0,11781.0,589.05,11191.95,8415.0,2776.9500000000007,2014-07-01,7,july,2014
221,channel partners,mexico,amarilla,medium,1123,260.0,12.0,13476.0,673.8,12802.2,3369.0,9433.2,2014-08-01,8,august,2014
222,government,germany,amarilla,medium,1159,260.0,7.0,8113.0,405.65,7707.35,5795.0,1912.3500000000004,2013-10-01,10,october,2013
223,channel partners,france,carretera,medium,1865,3.0,12.0,22380.0,1119.0,21261.0,5595.0,15666.0,2014-02-01,2,february,2014
224,channel partners,germany,carretera,medium,1116,3.0,12.0,13392.0,669.6,12722.4,3348.0,9374.4,2014-02-01,2,february,2014
225,government,france,carretera,medium,1563,3.0,20.0,31260.0,1563.0,29697.0,15630.0,14067.0,2014-05-01,5,may,2014
226,small business,united states of america,carretera,medium,991,3.0,300.0,297300.0,14865.0,282435.0,247750.0,34685.0,2014-06-01,6,june,2014
227,government,germany,carretera,medium,1016,3.0,7.0,7112.0,355.6,6756.4,5080.0,1676.3999999999996,2013-11-01,11,november,2013
228,midmarket,mexico,carretera,medium,2791,3.0,15.0,41865.0,2093.25,39771.75,27910.0,11861.75,2014-11-01,11,november,2014
229,government,united states of america,carretera,medium,570,3.0,7.0,3990.0,199.5,3790.5,2850.0,940.5,2014-12-01,12,december,2014
230,government,france,carretera,medium,2487,3.0,7.0,17409.0,870.45,16538.55,12435.0,4103.549999999999,2014-12-01,12,december,2014
231,government,france,montana,medium,1384,5.0,350.0,484575.0,24228.75,460346.25,359970.0,100376.25,2014-01-01,1,january,2014
232,enterprise,united states of america,montana,medium,3627,5.0,125.0,453375.0,22668.75,430706.25,435240.0,-4533.75,2014-07-01,7,july,2014
233,government,mexico,montana,medium,720,5.0,350.0,252000.0,12600.0,239400.0,187200.0,52200.0,2013-09-01,9,september,2013
234,channel partners,germany,montana,medium,2342,5.0,12.0,28104.0,1405.2,26698.8,7026.0,19672.8,2014-11-01,11,november,2014
235,small business,mexico,montana,medium,1100,5.0,300.0,330000.0,16500.0,313500.0,275000.0,38500.0,2013-12-01,12,december,2013
236,government,france,paseo,medium,1303,10.0,20.0,26060.0,1303.0,24757.0,13030.0,11727.0,2014-02-01,2,february,2014
237,enterprise,united states of america,paseo,medium,2992,10.0,125.0,374000.0,18700.0,355300.0,359040.0,-3740.0,2014-03-01,3,march,2014
238,enterprise,france,paseo,medium,2385,10.0,125.0,298125.0,14906.25,283218.75,286200.0,-2981.25,2014-03-01,3,march,2014
239,small business,mexico,paseo,medium,1607,10.0,300.0,482100.0,24105.0,457995.0,401750.0,56245.0,2014-04-01,4,april,2014
240,government,united states of america,paseo,medium,2327,10.0,7.0,16289.0,814.45,15474.55,11635.0,3839.5499999999993,2014-05-01,5,may,2014
241,small business,united states of america,paseo,medium,991,10.0,300.0,297300.0,14865.0,282435.0,247750.0,34685.0,2014-06-01,6,june,2014
242,government,united states of america,paseo,medium,602,10.0,350.0,210700.0,10535.0,200165.0,156520.0,43645.0,2014-06-01,6,june,2014
243,midmarket,france,paseo,medium,2620,10.0,15.0,39300.0,1965.0,37335.0,26200.0,11135.0,2014-09-01,9,september,2014
244,government,canada,paseo,medium,1228,10.0,350.0,429800.0,21490.0,408310.0,319280.0,89030.0,2013-10-01,10,october,2013
245,government,canada,paseo,medium,1389,10.0,20.0,27780.0,1389.0,26391.0,13890.0,12501.0,2013-10-01,10,october,2013
246,enterprise,united states of america,paseo,medium,861,10.0,125.0,107625.0,5381.25,102243.75,103320.0,-1076.25,2014-10-01,10,october,2014
247,enterprise,france,paseo,medium,704,10.0,125.0,88000.0,4400.0,83600.0,84480.0,-880.0,2013-10-01,10,october,2013
248,government,canada,paseo,medium,1802,10.0,20.0,36040.0,1802.0,34238.0,18020.0,16218.0,2013-12-01,12,december,2013
249,government,united states of america,paseo,medium,2663,10.0,20.0,53260.0,2663.0,50597.0,26630.0,23967.0,2014-12-01,12,december,2014
250,government,france,paseo,medium,2136,10.0,7.0,14952.0,747.6,14204.4,10680.0,3524.3999999999996,2013-12-01,12,december,2013
251,midmarket,germany,paseo,medium,2116,10.0,15.0,31740.0,1587.0,30153.0,21160.0,8993.0,2013-12-01,12,december,2013
252,midmarket,united states of america,velo,medium,555,120.0,15.0,8325.0,416.25,7908.75,5550.0,2358.75,2014-01-01,1,january,2014
253,midmarket,mexico,velo,medium,2861,120.0,15.0,42915.0,2145.75,40769.25,28610.0,12159.25,2014-01-01,1,january,2014
254,enterprise,germany,velo,medium,807,120.0,125.0,100875.0,5043.75,95831.25,96840.0,-1008.75,2014-02-01,2,february,2014
255,government,united states of america,velo,medium,602,120.0,350.0,210700.0,10535.0,200165.0,156520.0,43645.0,2014-06-01,6,june,2014
256,government,united states of america,velo,medium,2832,120.0,20.0,56640.0,2832.0,53808.0,28320.0,25488.0,2014-08-01,8,august,2014
257,government,france,velo,medium,1579,120.0,20.0,31580.0,1579.0,30001.0,15790.0,14211.0,2014-08-01,8,august,2014
258,enterprise,united states of america,velo,medium,861,120.0,125.0,107625.0,5381.25,102243.75,103320.0,-1076.25,2014-10-01,10,october,2014
259,enterprise,france,velo,medium,704,120.0,125.0,88000.0,4400.0,83600.0,84480.0,-880.0,2013-10-01,10,october,2013
260,government,france,velo,medium,1033,120.0,20.0,20660.0,1033.0,19627.0,10330.0,9297.0,2013-12-01,12,december,2013
261,small business,germany,velo,medium,1250,120.0,300.0,375000.0,18750.0,356250.0,312500.0,43750.0,2014-12-01,12,december,2014
262,government,canada,vtt,medium,1389,250.0,20.0,27780.0,1389.0,26391.0,13890.0,12501.0,2013-10-01,10,october,2013
263,government,united states of america,vtt,medium,1265,250.0,20.0,25300.0,1265.0,24035.0,12650.0,11385.0,2013-11-01,11,november,2013
264,government,germany,vtt,medium,2297,250.0,20.0,45940.0,2297.0,43643.0,22970.0,20673.0,2013-11-01,11,november,2013
265,government,united states of america,vtt,medium,2663,250.0,20.0,53260.0,2663.0,50597.0,26630.0,23967.0,2014-12-01,12,december,2014
266,government,united states of america,vtt,medium,570,250.0,7.0,3990.0,199.5,3790.5,2850.0,940.5,2014-12-01,12,december,2014
267,government,france,vtt,medium,2487,250.0,7.0,17409.0,870.45,16538.55,12435.0,4103.549999999999,2014-12-01,12,december,2014
268,government,germany,amarilla,medium,1350,260.0,350.0,472500.0,23625.0,448875.0,351000.0,97875.0,2014-02-01,2,february,2014
269,government,canada,amarilla,medium,552,260.0,350.0,193200.0,9660.0,183540.0,143520.0,40020.0,2014-08-01,8,august,2014
270,government,canada,amarilla,medium,1228,260.0,350.0,429800.0,21490.0,408310.0,319280.0,89030.0,2013-10-01,10,october,2013
271,small business,germany,amarilla,medium,1250,260.0,300.0,375000.0,18750.0,356250.0,312500.0,43750.0,2014-12-01,12,december,2014
272,midmarket,france,paseo,medium,3801,10.0,15.0,57015.0,3420.9,53594.1,38010.0,15584.099999999999,2014-04-01,4,april,2014
273,government,united states of america,carretera,medium,1117,3.0,20.0,22350.0,1341.0,21009.0,11175.0,9834.0,2014-01-01,1,january,2014
274,midmarket,canada,carretera,medium,2844,3.0,15.0,42660.0,2559.6,40100.4,28440.0,11660.400000000001,2014-06-01,6,june,2014
275,channel partners,mexico,carretera,medium,562,3.0,12.0,6744.0,404.64,6339.36,1686.0,4653.36,2014-09-01,9,september,2014
276,channel partners,canada,carretera,medium,2299,3.0,12.0,27588.0,1655.28,25932.72,6897.0,19035.72,2013-10-01,10,october,2013
277,midmarket,united states of america,carretera,medium,2030,3.0,15.0,30450.0,1827.0,28623.0,20300.0,8323.0,2014-11-01,11,november,2014
278,government,united states of america,carretera,medium,263,3.0,7.0,1841.0,110.46,1730.54,1315.0,415.53999999999996,2013-11-01,11,november,2013
279,enterprise,germany,carretera,medium,887,3.0,125.0,110875.0,6652.5,104222.5,106440.0,-2217.5,2013-12-01,12,december,2013
280,government,mexico,montana,medium,980,5.0,350.0,343000.0,20580.0,322420.0,254800.0,67620.0,2014-04-01,4,april,2014
281,government,germany,montana,medium,1460,5.0,350.0,511000.0,30660.0,480340.0,379600.0,100740.0,2014-05-01,5,may,2014
282,government,france,montana,medium,1403,5.0,7.0,9821.0,589.26,9231.74,7015.0,2216.74,2013-10-01,10,october,2013
283,channel partners,united states of america,montana,medium,2723,5.0,12.0,32676.0,1960.56,30715.44,8169.0,22546.44,2014-11-01,11,november,2014
284,government,france,paseo,medium,1496,10.0,350.0,523600.0,31416.0,492184.0,388960.0,103224.0,2014-06-01,6,june,2014
285,channel partners,canada,paseo,medium,2299,10.0,12.0,27588.0,1655.28,25932.72,6897.0,19035.72,2013-10-01,10,october,2013
286,government,united states of america,paseo,medium,727,10.0,350.0,254450.0,15267.0,239183.0,189020.0,50163.0,2013-10-01,10,october,2013
287,enterprise,canada,velo,medium,952,120.0,125.0,119000.0,7140.0,111860.0,114240.0,-2380.0,2014-02-01,2,february,2014
288,enterprise,united states of america,velo,medium,2755,120.0,125.0,344375.0,20662.5,323712.5,330600.0,-6887.5,2014-02-01,2,february,2014
289,midmarket,germany,velo,medium,1530,120.0,15.0,22950.0,1377.0,21573.0,15300.0,6273.0,2014-05-01,5,may,2014
290,government,france,velo,medium,1496,120.0,350.0,523600.0,31416.0,492184.0,388960.0,103224.0,2014-06-01,6,june,2014
291,government,mexico,velo,medium,1498,120.0,7.0,10486.0,629.16,9856.84,7490.0,2366.84,2014-06-01,6,june,2014
292,small business,france,velo,medium,1221,120.0,300.0,366300.0,21978.0,344322.0,305250.0,39072.0,2013-10-01,10,october,2013
293,government,france,velo,medium,2076,120.0,350.0,726600.0,43596.0,683004.0,539760.0,143244.0,2013-10-01,10,october,2013
294,midmarket,canada,vtt,medium,2844,250.0,15.0,42660.0,2559.6,40100.4,28440.0,11660.400000000001,2014-06-01,6,june,2014
295,government,mexico,vtt,medium,1498,250.0,7.0,10486.0,629.16,9856.84,7490.0,2366.84,2014-06-01,6,june,2014
296,small business,france,vtt,medium,1221,250.0,300.0,366300.0,21978.0,344322.0,305250.0,39072.0,2013-10-01,10,october,2013
297,government,mexico,vtt,medium,1123,250.0,20.0,22460.0,1347.6,21112.4,11230.0,9882.400000000001,2013-11-01,11,november,2013
298,small business,canada,vtt,medium,2436,250.0,300.0,730800.0,43848.0,686952.0,609000.0,77952.0,2013-12-01,12,december,2013
299,enterprise,france,amarilla,medium,1987,260.0,125.0,248437.5,14906.25,233531.25,238500.0,-4968.75,2014-01-01,1,january,2014
300,government,mexico,amarilla,medium,1679,260.0,350.0,587650.0,35259.0,552391.0,436540.0,115851.0,2014-09-01,9,september,2014
301,government,united states of america,amarilla,medium,727,260.0,350.0,254450.0,15267.0,239183.0,189020.0,50163.0,2013-10-01,10,october,2013
302,government,france,amarilla,medium,1403,260.0,7.0,9821.0,589.26,9231.74,7015.0,2216.74,2013-10-01,10,october,2013
303,government,france,amarilla,medium,2076,260.0,350.0,726600.0,43596.0,683004.0,539760.0,143244.0,2013-10-01,10,october,2013
304,government,france,montana,medium,1757,5.0,20.0,35140.0,2108.4,33031.6,17570.0,15461.599999999999,2013-10-01,10,october,2013
305,midmarket,united states of america,paseo,medium,2198,10.0,15.0,32970.0,1978.2,30991.8,21980.0,9011.8,2014-08-01,8,august,2014
306,midmarket,germany,paseo,medium,1743,10.0,15.0,26145.0,1568.7,24576.3,17430.0,7146.299999999999,2014-08-01,8,august,2014
307,midmarket,united states of america,paseo,medium,1153,10.0,15.0,17295.0,1037.7,16257.3,11530.0,4727.299999999999,2014-10-01,10,october,2014
308,government,france,paseo,medium,1757,10.0,20.0,35140.0,2108.4,33031.6,17570.0,15461.599999999999,2013-10-01,10,october,2013
309,government,germany,velo,medium,1001,120.0,20.0,20020.0,1201.2,18818.8,10010.0,8808.8,2014-08-01,8,august,2014
310,government,mexico,velo,medium,1333,120.0,7.0,9331.0,559.86,8771.14,6665.0,2106.1399999999994,2014-11-01,11,november,2014
311,midmarket,united states of america,vtt,medium,1153,250.0,15.0,17295.0,1037.7,16257.3,11530.0,4727.299999999999,2014-10-01,10,october,2014
312,channel partners,mexico,carretera,medium,727,3.0,12.0,8724.0,610.68,8113.32,2181.0,5932.32,2014-02-01,2,february,2014
313,channel partners,canada,carretera,medium,1884,3.0,12.0,22608.0,1582.56,21025.44,5652.0,15373.439999999999,2014-08-01,8,august,2014
314,government,mexico,carretera,medium,1834,3.0,20.0,36680.0,2567.6,34112.4,18340.0,15772.400000000001,2013-09-01,9,september,2013
315,channel partners,mexico,montana,medium,2340,5.0,12.0,28080.0,1965.6,26114.4,7020.0,19094.4,2014-01-01,1,january,2014
316,channel partners,france,montana,medium,2342,5.0,12.0,28104.0,1967.28,26136.72,7026.0,19110.72,2014-11-01,11,november,2014
317,government,france,paseo,medium,1031,10.0,7.0,7217.0,505.19,6711.81,5155.0,1556.8100000000004,2013-09-01,9,september,2013
318,midmarket,canada,velo,medium,1262,120.0,15.0,18930.0,1325.1,17604.9,12620.0,4984.9000000000015,2014-05-01,5,may,2014
319,government,canada,velo,medium,1135,120.0,7.0,7945.0,556.15,7388.85,5675.0,1713.8500000000004,2014-06-01,6,june,2014
320,government,united states of america,velo,medium,547,120.0,7.0,3829.0,268.03,3560.97,2735.0,825.9699999999998,2014-11-01,11,november,2014
321,government,canada,velo,medium,1582,120.0,7.0,11074.0,775.18,10298.82,7910.0,2388.8199999999997,2014-12-01,12,december,2014
322,channel partners,france,vtt,medium,1738,250.0,12.0,20862.0,1460.34,19401.66,5215.5,14186.16,2014-04-01,4,april,2014
323,channel partners,germany,vtt,medium,2215,250.0,12.0,26580.0,1860.6,24719.4,6645.0,18074.4,2013-09-01,9,september,2013
324,government,canada,vtt,medium,1582,250.0,7.0,11074.0,775.18,10298.82,7910.0,2388.8199999999997,2014-12-01,12,december,2014
325,government,canada,amarilla,medium,1135,260.0,7.0,7945.0,556.15,7388.85,5675.0,1713.8500000000004,2014-06-01,6,june,2014
326,government,united states of america,carretera,medium,1761,3.0,350.0,616350.0,43144.5,573205.5,457860.0,115345.5,2014-03-01,3,march,2014
327,small business,france,carretera,medium,448,3.0,300.0,134400.0,9408.0,124992.0,112000.0,12992.0,2014-06-01,6,june,2014
328,small business,france,carretera,medium,2181,3.0,300.0,654300.0,45801.0,608499.0,545250.0,63249.0,2014-10-01,10,october,2014
329,government,france,montana,medium,1976,5.0,20.0,39520.0,2766.4,36753.6,19760.0,16993.6,2014-10-01,10,october,2014
330,small business,france,montana,medium,2181,5.0,300.0,654300.0,45801.0,608499.0,545250.0,63249.0,2014-10-01,10,october,2014
331,enterprise,germany,montana,medium,2500,5.0,125.0,312500.0,21875.0,290625.0,300000.0,-9375.0,2013-11-01,11,november,2013
332,small business,canada,paseo,medium,1702,10.0,300.0,510600.0,35742.0,474858.0,425500.0,49358.0,2014-05-01,5,may,2014
333,small business,france,paseo,medium,448,10.0,300.0,134400.0,9408.0,124992.0,112000.0,12992.0,2014-06-01,6,june,2014
334,enterprise,germany,paseo,medium,3513,10.0,125.0,439125.0,30738.75,408386.25,421560.0,-13173.75,2014-07-01,7,july,2014
335,midmarket,france,paseo,medium,2101,10.0,15.0,31515.0,2206.05,29308.95,21010.0,8298.95,2014-08-01,8,august,2014
336,midmarket,united states of america,paseo,medium,2931,10.0,15.0,43965.0,3077.55,40887.45,29310.0,11577.449999999997,2013-09-01,9,september,2013
337,government,france,paseo,medium,1535,10.0,20.0,30700.0,2149.0,28551.0,15350.0,13201.0,2014-09-01,9,september,2014
338,small business,germany,paseo,medium,1123,10.0,300.0,336900.0,23583.0,313317.0,280750.0,32567.0,2013-09-01,9,september,2013
339,small business,canada,paseo,medium,1404,10.0,300.0,421200.0,29484.0,391716.0,351000.0,40716.0,2013-11-01,11,november,2013
340,channel partners,mexico,paseo,medium,2763,10.0,12.0,33156.0,2320.92,30835.08,8289.0,22546.08,2013-11-01,11,november,2013
341,government,germany,paseo,medium,2125,10.0,7.0,14875.0,1041.25,13833.75,10625.0,3208.75,2013-12-01,12,december,2013
342,small business,france,velo,medium,1659,120.0,300.0,497700.0,34839.0,462861.0,414750.0,48111.0,2014-07-01,7,july,2014
343,government,mexico,velo,medium,609,120.0,20.0,12180.0,852.6,11327.4,6090.0,5237.4,2014-08-01,8,august,2014
344,enterprise,germany,velo,medium,2087,120.0,125.0,260875.0,18261.25,242613.75,250440.0,-7826.25,2014-09-01,9,september,2014
345,government,france,velo,medium,1976,120.0,20.0,39520.0,2766.4,36753.6,19760.0,16993.6,2014-10-01,10,october,2014
346,government,united states of america,velo,medium,1421,120.0,20.0,28420.0,1989.4,26430.6,14210.0,12220.599999999999,2013-12-01,12,december,2013
347,small business,united states of america,velo,medium,1372,120.0,300.0,411600.0,28812.0,382788.0,343000.0,39788.0,2014-12-01,12,december,2014
348,government,germany,velo,medium,588,120.0,20.0,11760.0,823.2,10936.8,5880.0,5056.799999999999,2013-12-01,12,december,2013
349,channel partners,canada,vtt,medium,3244,250.0,12.0,38934.0,2725.38,36208.62,9733.5,26475.120000000003,2014-01-01,1,january,2014
350,small business,france,vtt,medium,959,250.0,300.0,287700.0,20139.0,267561.0,239750.0,27811.0,2014-02-01,2,february,2014
351,small business,mexico,vtt,medium,2747,250.0,300.0,824100.0,57687.0,766413.0,686750.0,79663.0,2014-02-01,2,february,2014
352,enterprise,canada,amarilla,medium,1645,260.0,125.0,205625.0,14393.75,191231.25,197400.0,-6168.75,2014-05-01,5,may,2014
353,government,france,amarilla,medium,2876,260.0,350.0,1006600.0,70462.0,936138.0,747760.0,188378.0,2014-09-01,9,september,2014
354,enterprise,germany,amarilla,medium,994,260.0,125.0,124250.0,8697.5,115552.5,119280.0,-3727.5,2013-09-01,9,september,2013
355,government,canada,amarilla,medium,1118,260.0,20.0,22360.0,1565.2,20794.8,11180.0,9614.8,2014-11-01,11,november,2014
356,small business,united states of america,amarilla,medium,1372,260.0,300.0,411600.0,28812.0,382788.0,343000.0,39788.0,2014-12-01,12,december,2014
357,government,canada,montana,medium,488,5.0,7.0,3416.0,273.28,3142.72,2440.0,702.7199999999998,2014-02-01,2,february,2014
358,government,united states of america,montana,medium,1282,5.0,20.0,25640.0,2051.2,23588.8,12820.0,10768.8,2014-06-01,6,june,2014
359,government,canada,paseo,medium,257,10.0,7.0,1799.0,143.92,1655.08,1285.0,370.0799999999999,2014-05-01,5,may,2014
360,government,united states of america,amarilla,medium,1282,260.0,20.0,25640.0,2051.2,23588.8,12820.0,10768.8,2014-06-01,6,june,2014
361,enterprise,mexico,carretera,medium,1540,3.0,125.0,192500.0,15400.0,177100.0,184800.0,-7700.0,2014-08-01,8,august,2014
362,midmarket,france,carretera,medium,490,3.0,15.0,7350.0,588.0,6762.0,4900.0,1862.0,2014-11-01,11,november,2014
363,government,mexico,carretera,medium,1362,3.0,350.0,476700.0,38136.0,438564.0,354120.0,84444.0,2014-12-01,12,december,2014
364,midmarket,france,montana,medium,2501,5.0,15.0,37515.0,3001.2,34513.8,25010.0,9503.800000000003,2014-03-01,3,march,2014
365,government,canada,montana,medium,708,5.0,20.0,14160.0,1132.8,13027.2,7080.0,5947.200000000001,2014-06-01,6,june,2014
366,government,germany,montana,medium,645,5.0,20.0,12900.0,1032.0,11868.0,6450.0,5418.0,2014-07-01,7,july,2014
367,small business,france,montana,medium,1562,5.0,300.0,468600.0,37488.0,431112.0,390500.0,40612.0,2014-08-01,8,august,2014
368,small business,canada,montana,medium,1283,5.0,300.0,384900.0,30792.0,354108.0,320750.0,33358.0,2013-09-01,9,september,2013
369,midmarket,germany,montana,medium,711,5.0,15.0,10665.0,853.2,9811.8,7110.0,2701.7999999999993,2014-12-01,12,december,2014
370,enterprise,mexico,paseo,medium,1114,10.0,125.0,139250.0,11140.0,128110.0,133680.0,-5570.0,2014-03-01,3,march,2014
371,government,germany,paseo,medium,1259,10.0,7.0,8813.0,705.04,8107.96,6295.0,1812.96,2014-04-01,4,april,2014
372,government,germany,paseo,medium,1095,10.0,7.0,7665.0,613.2,7051.8,5475.0,1576.8000000000002,2014-05-01,5,may,2014
373,government,germany,paseo,medium,1366,10.0,20.0,27320.0,2185.6,25134.4,13660.0,11474.400000000001,2014-06-01,6,june,2014
374,small business,mexico,paseo,medium,2460,10.0,300.0,738000.0,59040.0,678960.0,615000.0,63960.0,2014-06-01,6,june,2014
375,government,united states of america,paseo,medium,678,10.0,7.0,4746.0,379.68,4366.32,3390.0,976.3199999999997,2014-08-01,8,august,2014
376,government,germany,paseo,medium,1598,10.0,7.0,11186.0,894.88,10291.12,7990.0,2301.120000000001,2014-08-01,8,august,2014
377,government,germany,paseo,medium,2409,10.0,7.0,16863.0,1349.04,15513.96,12045.0,3468.959999999999,2013-09-01,9,september,2013
378,government,germany,paseo,medium,1934,10.0,20.0,38680.0,3094.4,35585.6,19340.0,16245.599999999999,2014-09-01,9,september,2014
379,government,mexico,paseo,medium,2993,10.0,20.0,59860.0,4788.8,55071.2,29930.0,25141.199999999997,2014-09-01,9,september,2014
380,government,germany,paseo,medium,2146,10.0,350.0,751100.0,60088.0,691012.0,557960.0,133052.0,2013-11-01,11,november,2013
381,government,mexico,paseo,medium,1946,10.0,7.0,13622.0,1089.76,12532.24,9730.0,2802.24,2013-12-01,12,december,2013
382,government,mexico,paseo,medium,1362,10.0,350.0,476700.0,38136.0,438564.0,354120.0,84444.0,2014-12-01,12,december,2014
383,channel partners,canada,velo,medium,598,120.0,12.0,7176.0,574.08,6601.92,1794.0,4807.92,2014-03-01,3,march,2014
384,government,united states of america,velo,medium,2907,120.0,7.0,20349.0,1627.92,18721.08,14535.0,4186.080000000002,2014-06-01,6,june,2014
385,government,germany,velo,medium,2338,120.0,7.0,16366.0,1309.28,15056.72,11690.0,3366.7199999999993,2014-06-01,6,june,2014
386,small business,france,velo,medium,386,120.0,300.0,115800.0,9264.0,106536.0,96500.0,10036.0,2013-11-01,11,november,2013
387,small business,mexico,velo,medium,635,120.0,300.0,190500.0,15240.0,175260.0,158750.0,16510.0,2014-12-01,12,december,2014
388,government,france,vtt,medium,574,250.0,350.0,201075.0,16086.0,184989.0,149370.0,35619.0,2014-04-01,4,april,2014
389,government,germany,vtt,medium,2338,250.0,7.0,16366.0,1309.28,15056.72,11690.0,3366.7199999999993,2014-06-01,6,june,2014
390,government,france,vtt,medium,381,250.0,350.0,133350.0,10668.0,122682.0,99060.0,23622.0,2014-08-01,8,august,2014
391,government,germany,vtt,medium,422,250.0,350.0,147700.0,11816.0,135884.0,109720.0,26164.0,2014-08-01,8,august,2014
392,small business,canada,vtt,medium,2134,250.0,300.0,640200.0,51216.0,588984.0,533500.0,55484.0,2014-09-01,9,september,2014
393,small business,united states of america,vtt,medium,808,250.0,300.0,242400.0,19392.0,223008.0,202000.0,21008.0,2013-12-01,12,december,2013
394,government,canada,amarilla,medium,708,260.0,20.0,14160.0,1132.8,13027.2,7080.0,5947.200000000001,2014-06-01,6,june,2014
395,government,united states of america,amarilla,medium,2907,260.0,7.0,20349.0,1627.92,18721.08,14535.0,4186.080000000002,2014-06-01,6,june,2014
396,government,germany,amarilla,medium,1366,260.0,20.0,27320.0,2185.6,25134.4,13660.0,11474.400000000001,2014-06-01,6,june,2014
397,small business,mexico,amarilla,medium,2460,260.0,300.0,738000.0,59040.0,678960.0,615000.0,63960.0,2014-06-01,6,june,2014
398,government,germany,amarilla,medium,1520,260.0,20.0,30400.0,2432.0,27968.0,15200.0,12768.0,2014-11-01,11,november,2014
399,midmarket,germany,amarilla,medium,711,260.0,15.0,10665.0,853.2,9811.8,7110.0,2701.7999999999993,2014-12-01,12,december,2014
400,channel partners,mexico,amarilla,medium,1375,260.0,12.0,16500.0,1320.0,15180.0,4125.0,11055.0,2013-12-01,12,december,2013
401,small business,mexico,amarilla,medium,635,260.0,300.0,190500.0,15240.0,175260.0,158750.0,16510.0,2014-12-01,12,december,2014
402,government,united states of america,vtt,medium,436,250.0,20.0,8730.0,698.4,8031.6,4365.0,3666.6000000000004,2014-07-01,7,july,2014
403,small business,canada,carretera,medium,1094,3.0,300.0,328200.0,29538.0,298662.0,273500.0,25162.0,2014-06-01,6,june,2014
404,channel partners,mexico,carretera,medium,367,3.0,12.0,4404.0,396.36,4007.64,1101.0,2906.64,2013-10-01,10,october,2013
405,small business,canada,montana,medium,3802,5.0,300.0,1140750.0,102667.5,1038082.5,950625.0,87457.5,2014-04-01,4,april,2014
406,government,france,montana,medium,1666,5.0,350.0,583100.0,52479.0,530621.0,433160.0,97461.0,2014-05-01,5,may,2014
407,small business,france,montana,medium,322,5.0,300.0,96600.0,8694.0,87906.0,80500.0,7406.0,2013-09-01,9,september,2013
408,channel partners,canada,montana,medium,2321,5.0,12.0,27852.0,2506.68,25345.32,6963.0,18382.32,2014-11-01,11,november,2014
409,enterprise,france,montana,medium,1857,5.0,125.0,232125.0,20891.25,211233.75,222840.0,-11606.25,2013-11-01,11,november,2013
410,government,canada,montana,medium,1611,5.0,7.0,11277.0,1014.93,10262.07,8055.0,2207.0699999999997,2013-12-01,12,december,2013
411,enterprise,united states of america,montana,medium,2797,5.0,125.0,349625.0,31466.25,318158.75,335640.0,-17481.25,2014-12-01,12,december,2014
412,small business,germany,montana,medium,334,5.0,300.0,100200.0,9018.0,91182.0,83500.0,7682.0,2013-12-01,12,december,2013
413,small business,mexico,paseo,medium,2565,10.0,300.0,769500.0,69255.0,700245.0,641250.0,58995.0,2014-01-01,1,january,2014
414,government,mexico,paseo,medium,2417,10.0,350.0,845950.0,76135.5,769814.5,628420.0,141394.5,2014-01-01,1,january,2014
415,midmarket,united states of america,paseo,medium,3675,10.0,15.0,55125.0,4961.25,50163.75,36750.0,13413.75,2014-04-01,4,april,2014
416,small business,canada,paseo,medium,1094,10.0,300.0,328200.0,29538.0,298662.0,273500.0,25162.0,2014-06-01,6,june,2014
417,midmarket,france,paseo,medium,1227,10.0,15.0,18405.0,1656.45,16748.55,12270.0,4478.549999999999,2014-10-01,10,october,2014
418,channel partners,mexico,paseo,medium,367,10.0,12.0,4404.0,396.36,4007.64,1101.0,2906.64,2013-10-01,10,october,2013
419,small business,france,paseo,medium,1324,10.0,300.0,397200.0,35748.0,361452.0,331000.0,30452.0,2014-11-01,11,november,2014
420,channel partners,germany,paseo,medium,1775,10.0,12.0,21300.0,1917.0,19383.0,5325.0,14058.0,2013-11-01,11,november,2013
421,enterprise,united states of america,paseo,medium,2797,10.0,125.0,349625.0,31466.25,318158.75,335640.0,-17481.25,2014-12-01,12,december,2014
422,midmarket,mexico,velo,medium,245,120.0,15.0,3675.0,330.75,3344.25,2450.0,894.25,2014-05-01,5,may,2014
423,small business,canada,velo,medium,3793,120.0,300.0,1138050.0,102424.5,1035625.5,948375.0,87250.5,2014-07-01,7,july,2014
424,government,germany,velo,medium,1307,120.0,350.0,457450.0,41170.5,416279.5,339820.0,76459.5,2014-07-01,7,july,2014
425,enterprise,canada,velo,medium,567,120.0,125.0,70875.0,6378.75,64496.25,68040.0,-3543.75,2014-09-01,9,september,2014
426,enterprise,mexico,velo,medium,2110,120.0,125.0,263750.0,23737.5,240012.5,253200.0,-13187.5,2014-09-01,9,september,2014
427,government,canada,velo,medium,1269,120.0,350.0,444150.0,39973.5,404176.5,329940.0,74236.5,2014-10-01,10,october,2014
428,channel partners,united states of america,vtt,medium,1956,250.0,12.0,23472.0,2112.48,21359.52,5868.0,15491.52,2014-01-01,1,january,2014
429,small business,germany,vtt,medium,2659,250.0,300.0,797700.0,71793.0,725907.0,664750.0,61157.0,2014-02-01,2,february,2014
430,government,united states of america,vtt,medium,1351,250.0,350.0,473025.0,42572.25,430452.75,351390.0,79062.75,2014-04-01,4,april,2014
431,channel partners,germany,vtt,medium,880,250.0,12.0,10560.0,950.4,9609.6,2640.0,6969.6,2014-05-01,5,may,2014
432,small business,united states of america,vtt,medium,1867,250.0,300.0,560100.0,50409.0,509691.0,466750.0,42941.0,2014-09-01,9,september,2014
433,channel partners,france,vtt,medium,2234,250.0,12.0,26808.0,2412.72,24395.28,6702.0,17693.28,2013-09-01,9,september,2013
434,midmarket,france,vtt,medium,1227,250.0,15.0,18405.0,1656.45,16748.55,12270.0,4478.549999999999,2014-10-01,10,october,2014
435,enterprise,mexico,vtt,medium,877,250.0,125.0,109625.0,9866.25,99758.75,105240.0,-5481.25,2014-11-01,11,november,2014
436,government,united states of america,amarilla,medium,2071,260.0,350.0,724850.0,65236.5,659613.5,538460.0,121153.5,2014-09-01,9,september,2014
437,government,canada,amarilla,medium,1269,260.0,350.0,444150.0,39973.5,404176.5,329940.0,74236.5,2014-10-01,10,october,2014
438,midmarket,germany,amarilla,medium,970,260.0,15.0,14550.0,1309.5,13240.5,9700.0,3540.5,2013-11-01,11,november,2013
439,government,mexico,amarilla,medium,1694,260.0,20.0,33880.0,3049.2,30830.8,16940.0,13890.8,2014-11-01,11,november,2014
440,government,germany,carretera,medium,663,3.0,20.0,13260.0,1193.4,12066.6,6630.0,5436.6,2014-05-01,5,may,2014
441,government,canada,carretera,medium,819,3.0,7.0,5733.0,515.97,5217.03,4095.0,1122.0299999999997,2014-07-01,7,july,2014
442,channel partners,germany,carretera,medium,1580,3.0,12.0,18960.0,1706.4,17253.6,4740.0,12513.599999999999,2014-09-01,9,september,2014
443,government,mexico,carretera,medium,521,3.0,7.0,3647.0,328.23,3318.77,2605.0,713.77,2014-12-01,12,december,2014
444,government,united states of america,paseo,medium,973,10.0,20.0,19460.0,1751.4,17708.6,9730.0,7978.5999999999985,2014-03-01,3,march,2014
445,government,mexico,paseo,medium,1038,10.0,20.0,20760.0,1868.4,18891.6,10380.0,8511.599999999999,2014-06-01,6,june,2014
446,government,germany,paseo,medium,360,10.0,7.0,2520.0,226.8,2293.2,1800.0,493.1999999999998,2014-10-01,10,october,2014
447,channel partners,france,velo,medium,1967,120.0,12.0,23604.0,2124.36,21479.64,5901.0,15578.64,2014-03-01,3,march,2014
448,midmarket,mexico,velo,medium,2628,120.0,15.0,39420.0,3547.8,35872.2,26280.0,9592.199999999997,2014-04-01,4,april,2014
449,government,germany,vtt,medium,360,250.0,7.0,2520.0,226.8,2293.2,1800.0,493.1999999999998,2014-10-01,10,october,2014
450,government,france,vtt,medium,2682,250.0,20.0,53640.0,4827.6,48812.4,26820.0,21992.4,2013-11-01,11,november,2013
451,government,mexico,vtt,medium,521,250.0,7.0,3647.0,328.23,3318.77,2605.0,713.77,2014-12-01,12,december,2014
452,government,mexico,amarilla,medium,1038,260.0,20.0,20760.0,1868.4,18891.6,10380.0,8511.599999999999,2014-06-01,6,june,2014
453,midmarket,canada,amarilla,medium,1630,260.0,15.0,24457.5,2201.18,22256.33,16305.0,5951.330000000002,2014-07-01,7,july,2014
454,channel partners,france,amarilla,medium,306,260.0,12.0,3672.0,330.48,3341.52,918.0,2423.52,2013-12-01,12,december,2013
455,channel partners,united states of america,carretera,high,386,3.0,12.0,4632.0,463.2,4168.8,1158.0,3010.8,2013-10-01,10,october,2013
456,government,united states of america,montana,high,2328,5.0,7.0,16296.0,1629.6,14666.4,11640.0,3026.3999999999996,2014-09-01,9,september,2014
457,channel partners,united states of america,paseo,high,386,10.0,12.0,4632.0,463.2,4168.8,1158.0,3010.8,2013-10-01,10,october,2013
458,enterprise,united states of america,carretera,high,3445,3.0,125.0,430687.5,43068.75,387618.75,413460.0,-25841.25,2014-04-01,4,april,2014
459,enterprise,france,carretera,high,1482,3.0,125.0,185250.0,18525.0,166725.0,177840.0,-11115.0,2013-12-01,12,december,2013
460,government,united states of america,montana,high,2313,5.0,350.0,809550.0,80955.0,728595.0,601380.0,127215.0,2014-05-01,5,may,2014
461,enterprise,united states of america,montana,high,1804,5.0,125.0,225500.0,22550.0,202950.0,216480.0,-13530.0,2013-11-01,11,november,2013
462,midmarket,france,montana,high,2072,5.0,15.0,31080.0,3108.0,27972.0,20720.0,7252.0,2014-12-01,12,december,2014
463,government,france,paseo,high,1954,10.0,20.0,39080.0,3908.0,35172.0,19540.0,15632.0,2014-03-01,3,march,2014
464,small business,mexico,paseo,high,591,10.0,300.0,177300.0,17730.0,159570.0,147750.0,11820.0,2014-05-01,5,may,2014
465,midmarket,france,paseo,high,2167,10.0,15.0,32505.0,3250.5,29254.5,21670.0,7584.5,2013-10-01,10,october,2013
466,government,germany,paseo,high,241,10.0,20.0,4820.0,482.0,4338.0,2410.0,1928.0,2014-10-01,10,october,2014
467,midmarket,germany,velo,high,681,120.0,15.0,10215.0,1021.5,9193.5,6810.0,2383.5,2014-01-01,1,january,2014
468,midmarket,germany,velo,high,510,120.0,15.0,7650.0,765.0,6885.0,5100.0,1785.0,2014-04-01,4,april,2014
469,midmarket,united states of america,velo,high,790,120.0,15.0,11850.0,1185.0,10665.0,7900.0,2765.0,2014-05-01,5,may,2014
470,government,france,velo,high,639,120.0,350.0,223650.0,22365.0,201285.0,166140.0,35145.0,2014-07-01,7,july,2014
471,enterprise,united states of america,velo,high,1596,120.0,125.0,199500.0,19950.0,179550.0,191520.0,-11970.0,2014-09-01,9,september,2014
472,small business,united states of america,velo,high,2294,120.0,300.0,688200.0,68820.0,619380.0,573500.0,45880.0,2013-10-01,10,october,2013
473,government,germany,velo,high,241,120.0,20.0,4820.0,482.0,4338.0,2410.0,1928.0,2014-10-01,10,october,2014
474,government,germany,velo,high,2665,120.0,7.0,18655.0,1865.5,16789.5,13325.0,3464.5,2014-11-01,11,november,2014
475,enterprise,canada,velo,high,1916,120.0,125.0,239500.0,23950.0,215550.0,229920.0,-14370.0,2013-12-01,12,december,2013
476,small business,france,velo,high,853,120.0,300.0,255900.0,25590.0,230310.0,213250.0,17060.0,2014-12-01,12,december,2014
477,enterprise,mexico,vtt,high,341,250.0,125.0,42625.0,4262.5,38362.5,40920.0,-2557.5,2014-05-01,5,may,2014
478,midmarket,mexico,vtt,high,641,250.0,15.0,9615.0,961.5,8653.5,6410.0,2243.5,2014-07-01,7,july,2014
479,government,united states of america,vtt,high,2807,250.0,350.0,982450.0,98245.0,884205.0,729820.0,154385.0,2014-08-01,8,august,2014
480,small business,mexico,vtt,high,432,250.0,300.0,129600.0,12960.0,116640.0,108000.0,8640.0,2014-09-01,9,september,2014
481,small business,united states of america,vtt,high,2294,250.0,300.0,688200.0,68820.0,619380.0,573500.0,45880.0,2013-10-01,10,october,2013
482,midmarket,france,vtt,high,2167,250.0,15.0,32505.0,3250.5,29254.5,21670.0,7584.5,2013-10-01,10,october,2013
483,enterprise,canada,vtt,high,2529,250.0,125.0,316125.0,31612.5,284512.5,303480.0,-18967.5,2014-11-01,11,november,2014
484,government,germany,vtt,high,1870,250.0,350.0,654500.0,65450.0,589050.0,486200.0,102850.0,2013-12-01,12,december,2013
485,enterprise,united states of america,amarilla,high,579,260.0,125.0,72375.0,7237.5,65137.5,69480.0,-4342.5,2014-01-01,1,january,2014
486,government,canada,amarilla,high,2240,260.0,350.0,784000.0,78400.0,705600.0,582400.0,123200.0,2014-02-01,2,february,2014
487,small business,united states of america,amarilla,high,2993,260.0,300.0,897900.0,89790.0,808110.0,748250.0,59860.0,2014-03-01,3,march,2014
488,channel partners,canada,amarilla,high,3520,260.0,12.0,42246.0,4224.6,38021.4,10561.5,27459.9,2014-04-01,4,april,2014
489,government,mexico,amarilla,high,2039,260.0,20.0,40780.0,4078.0,36702.0,20390.0,16312.0,2014-05-01,5,may,2014
490,channel partners,germany,amarilla,high,2574,260.0,12.0,30888.0,3088.8,27799.2,7722.0,20077.2,2014-08-01,8,august,2014
491,government,canada,amarilla,high,707,260.0,350.0,247450.0,24745.0,222705.0,183820.0,38885.0,2014-09-01,9,september,2014
492,midmarket,france,amarilla,high,2072,260.0,15.0,31080.0,3108.0,27972.0,20720.0,7252.0,2014-12-01,12,december,2014
493,small business,france,amarilla,high,853,260.0,300.0,255900.0,25590.0,230310.0,213250.0,17060.0,2014-12-01,12,december,2014
494,channel partners,france,carretera,high,1198,3.0,12.0,14376.0,1581.36,12794.64,3594.0,9200.64,2013-10-01,10,october,2013
495,government,france,paseo,high,2532,10.0,7.0,17724.0,1949.64,15774.36,12660.0,3114.3600000000006,2014-04-01,4,april,2014
496,channel partners,france,paseo,high,1198,10.0,12.0,14376.0,1581.36,12794.64,3594.0,9200.64,2013-10-01,10,october,2013
497,midmarket,canada,velo,high,384,120.0,15.0,5760.0,633.6,5126.4,3840.0,1286.3999999999996,2014-01-01,1,january,2014
498,channel partners,germany,velo,high,472,120.0,12.0,5664.0,623.04,5040.96,1416.0,3624.96,2014-10-01,10,october,2014
499,government,united states of america,vtt,high,1579,250.0,7.0,11053.0,1215.83,9837.17,7895.0,1942.17,2014-03-01,3,march,2014
500,channel partners,mexico,vtt,high,1005,250.0,12.0,12060.0,1326.6,10733.4,3015.0,7718.4,2013-09-01,9,september,2013
501,midmarket,united states of america,amarilla,high,3199,260.0,15.0,47992.5,5279.18,42713.33,31995.0,10718.330000000002,2014-07-01,7,july,2014
502,channel partners,germany,amarilla,high,472,260.0,12.0,5664.0,623.04,5040.96,1416.0,3624.96,2014-10-01,10,october,2014
503,channel partners,canada,carretera,high,1937,3.0,12.0,23244.0,2556.84,20687.16,5811.0,14876.16,2014-02-01,2,february,2014
504,government,germany,carretera,high,792,3.0,350.0,277200.0,30492.0,246708.0,205920.0,40788.0,2014-03-01,3,march,2014
505,small business,germany,carretera,high,2811,3.0,300.0,843300.0,92763.0,750537.0,702750.0,47787.0,2014-07-01,7,july,2014
506,enterprise,france,carretera,high,2441,3.0,125.0,305125.0,33563.75,271561.25,292920.0,-21358.75,2014-10-01,10,october,2014
507,midmarket,canada,carretera,high,1560,3.0,15.0,23400.0,2574.0,20826.0,15600.0,5226.0,2013-11-01,11,november,2013
508,government,mexico,carretera,high,2706,3.0,7.0,18942.0,2083.62,16858.38,13530.0,3328.380000000001,2013-11-01,11,november,2013
509,government,germany,montana,high,766,5.0,350.0,268100.0,29491.0,238609.0,199160.0,39449.0,2014-01-01,1,january,2014
510,government,germany,montana,high,2992,5.0,20.0,59840.0,6582.4,53257.6,29920.0,23337.6,2013-10-01,10,october,2013
511,midmarket,mexico,montana,high,2157,5.0,15.0,32355.0,3559.05,28795.95,21570.0,7225.950000000001,2014-12-01,12,december,2014
512,small business,canada,paseo,high,873,10.0,300.0,261900.0,28809.0,233091.0,218250.0,14841.0,2014-01-01,1,january,2014
513,government,mexico,paseo,high,1122,10.0,20.0,22440.0,2468.4,19971.6,11220.0,8751.599999999999,2014-03-01,3,march,2014
514,government,canada,paseo,high,2104,10.0,350.0,736575.0,81023.25,655551.75,547170.0,108381.75,2014-07-01,7,july,2014
515,channel partners,canada,paseo,high,4026,10.0,12.0,48312.0,5314.32,42997.68,12078.0,30919.68,2014-07-01,7,july,2014
516,channel partners,france,paseo,high,2425,10.0,12.0,29106.0,3201.66,25904.34,7276.5,18627.84,2014-07-01,7,july,2014
517,government,canada,paseo,high,2394,10.0,20.0,47880.0,5266.8,42613.2,23940.0,18673.199999999997,2014-08-01,8,august,2014
518,midmarket,mexico,paseo,high,1984,10.0,15.0,29760.0,3273.6,26486.4,19840.0,6646.4000000000015,2014-08-01,8,august,2014
519,enterprise,france,paseo,high,2441,10.0,125.0,305125.0,33563.75,271561.25,292920.0,-21358.75,2014-10-01,10,october,2014
520,government,germany,paseo,high,2992,10.0,20.0,59840.0,6582.4,53257.6,29920.0,23337.6,2013-10-01,10,october,2013
521,small business,canada,paseo,high,1366,10.0,300.0,409800.0,45078.0,364722.0,341500.0,23222.0,2014-11-01,11,november,2014
522,government,france,velo,high,2805,120.0,20.0,56100.0,6171.0,49929.0,28050.0,21879.0,2013-09-01,9,september,2013
523,midmarket,mexico,velo,high,655,120.0,15.0,9825.0,1080.75,8744.25,6550.0,2194.25,2013-09-01,9,september,2013
524,government,mexico,velo,high,344,120.0,350.0,120400.0,13244.0,107156.0,89440.0,17716.0,2013-10-01,10,october,2013
525,government,canada,velo,high,1808,120.0,7.0,12656.0,1392.16,11263.84,9040.0,2223.84,2014-11-01,11,november,2014
526,channel partners,france,vtt,high,1734,250.0,12.0,20808.0,2288.88,18519.12,5202.0,13317.119999999999,2014-01-01,1,january,2014
527,enterprise,mexico,vtt,high,554,250.0,125.0,69250.0,7617.5,61632.5,66480.0,-4847.5,2014-01-01,1,january,2014
528,government,canada,vtt,high,2935,250.0,20.0,58700.0,6457.0,52243.0,29350.0,22893.0,2013-11-01,11,november,2013
529,enterprise,germany,amarilla,high,3165,260.0,125.0,395625.0,43518.75,352106.25,379800.0,-27693.75,2014-01-01,1,january,2014
530,government,mexico,amarilla,high,2629,260.0,20.0,52580.0,5783.8,46796.2,26290.0,20506.199999999997,2014-01-01,1,january,2014
531,enterprise,france,amarilla,high,1433,260.0,125.0,179125.0,19703.75,159421.25,171960.0,-12538.75,2014-05-01,5,may,2014
532,enterprise,mexico,amarilla,high,947,260.0,125.0,118375.0,13021.25,105353.75,113640.0,-8286.25,2013-09-01,9,september,2013
533,government,mexico,amarilla,high,344,260.0,350.0,120400.0,13244.0,107156.0,89440.0,17716.0,2013-10-01,10,october,2013
534,midmarket,mexico,amarilla,high,2157,260.0,15.0,32355.0,3559.05,28795.95,21570.0,7225.950000000001,2014-12-01,12,december,2014
535,government,united states of america,paseo,high,380,10.0,7.0,2660.0,292.6,2367.4,1900.0,467.4000000000001,2013-09-01,9,september,2013
536,government,mexico,carretera,high,886,3.0,350.0,310100.0,37212.0,272888.0,230360.0,42528.0,2014-06-01,6,june,2014
537,enterprise,canada,carretera,high,2416,3.0,125.0,302000.0,36240.0,265760.0,289920.0,-24160.0,2013-09-01,9,september,2013
538,enterprise,mexico,carretera,high,2156,3.0,125.0,269500.0,32340.0,237160.0,258720.0,-21560.0,2014-10-01,10,october,2014
539,midmarket,canada,carretera,high,2689,3.0,15.0,40335.0,4840.2,35494.8,26890.0,8604.800000000003,2014-11-01,11,november,2014
540,midmarket,united states of america,montana,high,677,5.0,15.0,10155.0,1218.6,8936.4,6770.0,2166.3999999999996,2014-03-01,3,march,2014
541,small business,france,montana,high,1773,5.0,300.0,531900.0,63828.0,468072.0,443250.0,24822.0,2014-04-01,4,april,2014
542,government,mexico,montana,high,2420,5.0,7.0,16940.0,2032.8,14907.2,12100.0,2807.2000000000007,2014-09-01,9,september,2014
543,government,canada,montana,high,2734,5.0,7.0,19138.0,2296.56,16841.44,13670.0,3171.4399999999987,2014-10-01,10,october,2014
544,government,mexico,montana,high,1715,5.0,20.0,34300.0,4116.0,30184.0,17150.0,13034.0,2013-10-01,10,october,2013
545,small business,france,montana,high,1186,5.0,300.0,355800.0,42696.0,313104.0,296500.0,16604.0,2013-12-01,12,december,2013
546,small business,united states of america,paseo,high,3495,10.0,300.0,1048500.0,125820.0,922680.0,873750.0,48930.0,2014-01-01,1,january,2014
547,government,mexico,paseo,high,886,10.0,350.0,310100.0,37212.0,272888.0,230360.0,42528.0,2014-06-01,6,june,2014
548,enterprise,mexico,paseo,high,2156,10.0,125.0,269500.0,32340.0,237160.0,258720.0,-21560.0,2014-10-01,10,october,2014
549,government,mexico,paseo,high,905,10.0,20.0,18100.0,2172.0,15928.0,9050.0,6878.0,2014-10-01,10,october,2014
550,government,mexico,paseo,high,1715,10.0,20.0,34300.0,4116.0,30184.0,17150.0,13034.0,2013-10-01,10,october,2013
551,government,france,paseo,high,1594,10.0,350.0,557900.0,66948.0,490952.0,414440.0,76512.0,2014-11-01,11,november,2014
552,small business,germany,paseo,high,1359,10.0,300.0,407700.0,48924.0,358776.0,339750.0,19026.0,2014-11-01,11,november,2014
553,small business,mexico,paseo,high,2150,10.0,300.0,645000.0,77400.0,567600.0,537500.0,30100.0,2014-11-01,11,november,2014
554,government,mexico,paseo,high,1197,10.0,350.0,418950.0,50274.0,368676.0,311220.0,57456.0,2014-11-01,11,november,2014
555,midmarket,mexico,paseo,high,380,10.0,15.0,5700.0,684.0,5016.0,3800.0,1216.0,2013-12-01,12,december,2013
556,government,mexico,paseo,high,1233,10.0,20.0,24660.0,2959.2,21700.8,12330.0,9370.8,2014-12-01,12,december,2014
557,government,mexico,velo,high,1395,120.0,350.0,488250.0,58590.0,429660.0,362700.0,66960.0,2014-07-01,7,july,2014
558,government,united states of america,velo,high,986,120.0,350.0,345100.0,41412.0,303688.0,256360.0,47328.0,2014-10-01,10,october,2014
559,government,mexico,velo,high,905,120.0,20.0,18100.0,2172.0,15928.0,9050.0,6878.0,2014-10-01,10,october,2014
560,channel partners,canada,vtt,high,2109,250.0,12.0,25308.0,3036.96,22271.04,6327.0,15944.04,2014-05-01,5,may,2014
561,midmarket,france,vtt,high,3874,250.0,15.0,58117.5,6974.1,51143.4,38745.0,12398.400000000001,2014-07-01,7,july,2014
562,government,canada,vtt,high,623,250.0,350.0,218050.0,26166.0,191884.0,161980.0,29904.0,2013-09-01,9,september,2013
563,government,united states of america,vtt,high,986,250.0,350.0,345100.0,41412.0,303688.0,256360.0,47328.0,2014-10-01,10,october,2014
564,enterprise,united states of america,vtt,high,2387,250.0,125.0,298375.0,35805.0,262570.0,286440.0,-23870.0,2014-11-01,11,november,2014
565,government,mexico,vtt,high,1233,250.0,20.0,24660.0,2959.2,21700.8,12330.0,9370.8,2014-12-01,12,december,2014
566,government,united states of america,amarilla,high,270,260.0,350.0,94500.0,11340.0,83160.0,70200.0,12960.0,2014-02-01,2,february,2014
567,government,france,amarilla,high,3421,260.0,7.0,23950.5,2874.06,21076.44,17107.5,3968.9399999999987,2014-07-01,7,july,2014
568,government,canada,amarilla,high,2734,260.0,7.0,19138.0,2296.56,16841.44,13670.0,3171.4399999999987,2014-10-01,10,october,2014
569,midmarket,united states of america,amarilla,high,2548,260.0,15.0,38220.0,4586.4,33633.6,25480.0,8153.5999999999985,2013-11-01,11,november,2013
570,government,france,carretera,high,2521,3.0,20.0,50430.0,6051.6,44378.4,25215.0,19163.4,2014-01-01,1,january,2014
571,channel partners,mexico,montana,high,2661,5.0,12.0,31932.0,3831.84,28100.16,7983.0,20117.16,2014-05-01,5,may,2014
572,government,germany,paseo,high,1531,10.0,20.0,30620.0,3674.4,26945.6,15310.0,11635.599999999999,2014-12-01,12,december,2014
573,government,france,vtt,high,1491,250.0,7.0,10437.0,1252.44,9184.56,7455.0,1729.5599999999995,2014-03-01,3,march,2014
574,government,germany,vtt,high,1531,250.0,20.0,30620.0,3674.4,26945.6,15310.0,11635.599999999999,2014-12-01,12,december,2014
575,channel partners,canada,amarilla,high,2761,260.0,12.0,33132.0,3975.84,29156.16,8283.0,20873.16,2013-09-01,9,september,2013
576,midmarket,united states of america,carretera,high,2567,3.0,15.0,38505.0,5005.65,33499.35,25670.0,7829.3499999999985,2014-06-01,6,june,2014
577,midmarket,united states of america,vtt,high,2567,250.0,15.0,38505.0,5005.65,33499.35,25670.0,7829.3499999999985,2014-06-01,6,june,2014
578,government,canada,carretera,high,923,3.0,350.0,323050.0,41996.5,281053.5,239980.0,41073.5,2014-03-01,3,march,2014
579,government,france,carretera,high,1790,3.0,350.0,626500.0,81445.0,545055.0,465400.0,79655.0,2014-03-01,3,march,2014
580,government,germany,carretera,high,442,3.0,20.0,8840.0,1149.2,7690.8,4420.0,3270.8,2013-09-01,9,september,2013
581,government,united states of america,montana,high,982,5.0,350.0,343875.0,44703.75,299171.25,255450.0,43721.25,2014-01-01,1,january,2014
582,government,united states of america,montana,high,1298,5.0,7.0,9086.0,1181.18,7904.82,6490.0,1414.8199999999997,2014-02-01,2,february,2014
583,channel partners,mexico,montana,high,604,5.0,12.0,7248.0,942.24,6305.76,1812.0,4493.76,2014-06-01,6,june,2014
584,government,mexico,montana,high,2255,5.0,20.0,45100.0,5863.0,39237.0,22550.0,16687.0,2014-07-01,7,july,2014
585,government,canada,montana,high,1249,5.0,20.0,24980.0,3247.4,21732.6,12490.0,9242.599999999999,2014-10-01,10,october,2014
586,government,united states of america,paseo,high,1438,10.0,7.0,10069.5,1309.04,8760.47,7192.5,1567.9699999999993,2014-01-01,1,january,2014
587,small business,germany,paseo,high,807,10.0,300.0,242100.0,31473.0,210627.0,201750.0,8877.0,2014-01-01,1,january,2014
588,government,united states of america,paseo,high,2641,10.0,20.0,52820.0,6866.6,45953.4,26410.0,19543.4,2014-02-01,2,february,2014
589,government,germany,paseo,high,2708,10.0,20.0,54160.0,7040.8,47119.2,27080.0,20039.199999999997,2014-02-01,2,february,2014
590,government,canada,paseo,high,2632,10.0,350.0,921200.0,119756.0,801444.0,684320.0,117124.0,2014-06-01,6,june,2014
591,enterprise,canada,paseo,high,1583,10.0,125.0,197875.0,25723.75,172151.25,189960.0,-17808.75,2014-06-01,6,june,2014
592,channel partners,mexico,paseo,high,571,10.0,12.0,6852.0,890.76,5961.24,1713.0,4248.24,2014-07-01,7,july,2014
593,government,france,paseo,high,2696,10.0,7.0,18872.0,2453.36,16418.64,13480.0,2938.6399999999994,2014-08-01,8,august,2014
594,midmarket,canada,paseo,high,1565,10.0,15.0,23475.0,3051.75,20423.25,15650.0,4773.25,2014-10-01,10,october,2014
595,government,canada,paseo,high,1249,10.0,20.0,24980.0,3247.4,21732.6,12490.0,9242.599999999999,2014-10-01,10,october,2014
596,government,germany,paseo,high,357,10.0,350.0,124950.0,16243.5,108706.5,92820.0,15886.5,2014-11-01,11,november,2014
597,channel partners,germany,paseo,high,1013,10.0,12.0,12156.0,1580.28,10575.72,3039.0,7536.719999999999,2014-12-01,12,december,2014
598,midmarket,france,velo,high,3997,120.0,15.0,59962.5,7795.13,52167.38,39975.0,12192.379999999997,2014-01-01,1,january,2014
599,government,canada,velo,high,2632,120.0,350.0,921200.0,119756.0,801444.0,684320.0,117124.0,2014-06-01,6,june,2014
600,government,france,velo,high,1190,120.0,7.0,8330.0,1082.9,7247.1,5950.0,1297.1000000000004,2014-06-01,6,june,2014
601,channel partners,mexico,velo,high,604,120.0,12.0,7248.0,942.24,6305.76,1812.0,4493.76,2014-06-01,6,june,2014
602,midmarket,germany,velo,high,660,120.0,15.0,9900.0,1287.0,8613.0,6600.0,2013.0,2013-09-01,9,september,2013
603,channel partners,mexico,velo,high,410,120.0,12.0,4920.0,639.6,4280.4,1230.0,3050.3999999999996,2014-10-01,10,october,2014
604,small business,mexico,velo,high,2605,120.0,300.0,781500.0,101595.0,679905.0,651250.0,28655.0,2013-11-01,11,november,2013
605,channel partners,germany,velo,high,1013,120.0,12.0,12156.0,1580.28,10575.72,3039.0,7536.719999999999,2014-12-01,12,december,2014
606,enterprise,canada,vtt,high,1583,250.0,125.0,197875.0,25723.75,172151.25,189960.0,-17808.75,2014-06-01,6,june,2014
607,midmarket,canada,vtt,high,1565,250.0,15.0,23475.0,3051.75,20423.25,15650.0,4773.25,2014-10-01,10,october,2014
608,enterprise,canada,amarilla,high,1659,260.0,125.0,207375.0,26958.75,180416.25,199080.0,-18663.75,2014-01-01,1,january,2014
609,government,france,amarilla,high,1190,260.0,7.0,8330.0,1082.9,7247.1,5950.0,1297.1000000000004,2014-06-01,6,june,2014
610,channel partners,mexico,amarilla,high,410,260.0,12.0,4920.0,639.6,4280.4,1230.0,3050.3999999999996,2014-10-01,10,october,2014
611,channel partners,germany,amarilla,high,1770,260.0,12.0,21240.0,2761.2,18478.8,5310.0,13168.8,2013-12-01,12,december,2013
612,government,mexico,carretera,high,2579,3.0,20.0,51580.0,7221.2,44358.8,25790.0,18568.800000000003,2014-04-01,4,april,2014
613,government,united states of america,carretera,high,1743,3.0,20.0,34860.0,4880.4,29979.6,17430.0,12549.599999999999,2014-05-01,5,may,2014
614,government,united states of america,carretera,high,2996,3.0,7.0,20972.0,2936.08,18035.92,14980.0,3055.9199999999983,2013-10-01,10,october,2013
615,government,germany,carretera,high,280,3.0,7.0,1960.0,274.4,1685.6,1400.0,285.5999999999999,2014-12-01,12,december,2014
616,government,france,montana,high,293,5.0,7.0,2051.0,287.14,1763.86,1465.0,298.8599999999999,2014-02-01,2,february,2014
617,government,united states of america,montana,high,2996,5.0,7.0,20972.0,2936.08,18035.92,14980.0,3055.9199999999983,2013-10-01,10,october,2013
618,midmarket,germany,paseo,high,278,10.0,15.0,4170.0,583.8,3586.2,2780.0,806.1999999999998,2014-02-01,2,february,2014
619,government,canada,paseo,high,2428,10.0,20.0,48560.0,6798.4,41761.6,24280.0,17481.6,2014-03-01,3,march,2014
620,midmarket,united states of america,paseo,high,1767,10.0,15.0,26505.0,3710.7,22794.3,17670.0,5124.299999999999,2014-09-01,9,september,2014
621,channel partners,france,paseo,high,1393,10.0,12.0,16716.0,2340.24,14375.76,4179.0,10196.76,2014-10-01,10,october,2014
622,government,germany,vtt,high,280,250.0,7.0,1960.0,274.4,1685.6,1400.0,285.5999999999999,2014-12-01,12,december,2014
623,channel partners,france,amarilla,high,1393,260.0,12.0,16716.0,2340.24,14375.76,4179.0,10196.76,2014-10-01,10,october,2014
624,channel partners,united states of america,amarilla,high,2015,260.0,12.0,24180.0,3385.2,20794.8,6045.0,14749.8,2013-12-01,12,december,2013
625,small business,mexico,carretera,high,801,3.0,300.0,240300.0,33642.0,206658.0,200250.0,6408.0,2014-07-01,7,july,2014
626,enterprise,france,carretera,high,1023,3.0,125.0,127875.0,17902.5,109972.5,122760.0,-12787.5,2013-09-01,9,september,2013
627,small business,canada,carretera,high,1496,3.0,300.0,448800.0,62832.0,385968.0,374000.0,11968.0,2014-10-01,10,october,2014
628,small business,united states of america,carretera,high,1010,3.0,300.0,303000.0,42420.0,260580.0,252500.0,8080.0,2014-10-01,10,october,2014
629,midmarket,germany,carretera,high,1513,3.0,15.0,22695.0,3177.3,19517.7,15130.0,4387.700000000001,2014-11-01,11,november,2014
630,midmarket,canada,carretera,high,2300,3.0,15.0,34500.0,4830.0,29670.0,23000.0,6670.0,2014-12-01,12,december,2014
631,enterprise,mexico,carretera,high,2821,3.0,125.0,352625.0,49367.5,303257.5,338520.0,-35262.5,2013-12-01,12,december,2013
632,government,canada,montana,high,2227,5.0,350.0,779625.0,109147.5,670477.5,579150.0,91327.5,2014-01-01,1,january,2014
633,government,germany,montana,high,1199,5.0,350.0,419650.0,58751.0,360899.0,311740.0,49159.0,2014-04-01,4,april,2014
634,government,canada,montana,high,200,5.0,350.0,70000.0,9800.0,60200.0,52000.0,8200.0,2014-05-01,5,may,2014
635,government,canada,montana,high,388,5.0,7.0,2716.0,380.24,2335.76,1940.0,395.7600000000002,2014-09-01,9,september,2014
636,government,mexico,montana,high,1727,5.0,7.0,12089.0,1692.46,10396.54,8635.0,1761.5400000000009,2013-10-01,10,october,2013
637,midmarket,canada,montana,high,2300,5.0,15.0,34500.0,4830.0,29670.0,23000.0,6670.0,2014-12-01,12,december,2014
638,government,mexico,paseo,high,260,10.0,20.0,5200.0,728.0,4472.0,2600.0,1872.0,2014-02-01,2,february,2014
639,midmarket,canada,paseo,high,2470,10.0,15.0,37050.0,5187.0,31863.0,24700.0,7163.0,2013-09-01,9,september,2013
640,midmarket,canada,paseo,high,1743,10.0,15.0,26145.0,3660.3,22484.7,17430.0,5054.700000000001,2013-10-01,10,october,2013
641,channel partners,united states of america,paseo,high,2914,10.0,12.0,34968.0,4895.52,30072.48,8742.0,21330.48,2014-10-01,10,october,2014
642,government,france,paseo,high,1731,10.0,7.0,12117.0,1696.38,10420.62,8655.0,1765.6200000000008,2014-10-01,10,october,2014
643,government,canada,paseo,high,700,10.0,350.0,245000.0,34300.0,210700.0,182000.0,28700.0,2014-11-01,11,november,2014
644,channel partners,canada,paseo,high,2222,10.0,12.0,26664.0,3732.96,22931.04,6666.0,16265.04,2013-11-01,11,november,2013
645,government,united states of america,paseo,high,1177,10.0,350.0,411950.0,57673.0,354277.0,306020.0,48257.0,2014-11-01,11,november,2014
646,government,france,paseo,high,1922,10.0,350.0,672700.0,94178.0,578522.0,499720.0,78802.0,2013-11-01,11,november,2013
647,enterprise,mexico,velo,high,1575,120.0,125.0,196875.0,27562.5,169312.5,189000.0,-19687.5,2014-02-01,2,february,2014
648,government,united states of america,velo,high,606,120.0,20.0,12120.0,1696.8,10423.2,6060.0,4363.200000000001,2014-04-01,4,april,2014
649,small business,united states of america,velo,high,2460,120.0,300.0,738000.0,103320.0,634680.0,615000.0,19680.0,2014-07-01,7,july,2014
650,small business,canada,velo,high,269,120.0,300.0,80700.0,11298.0,69402.0,67250.0,2152.0,2013-10-01,10,october,2013
651,small business,germany,velo,high,2536,120.0,300.0,760800.0,106512.0,654288.0,634000.0,20288.0,2013-11-01,11,november,2013
652,government,mexico,vtt,high,2903,250.0,7.0,20321.0,2844.94,17476.06,14515.0,2961.0600000000013,2014-03-01,3,march,2014
653,small business,united states of america,vtt,high,2541,250.0,300.0,762300.0,106722.0,655578.0,635250.0,20328.0,2014-08-01,8,august,2014
654,small business,canada,vtt,high,269,250.0,300.0,80700.0,11298.0,69402.0,67250.0,2152.0,2013-10-01,10,october,2013
655,small business,canada,vtt,high,1496,250.0,300.0,448800.0,62832.0,385968.0,374000.0,11968.0,2014-10-01,10,october,2014
656,small business,united states of america,vtt,high,1010,250.0,300.0,303000.0,42420.0,260580.0,252500.0,8080.0,2014-10-01,10,october,2014
657,government,france,vtt,high,1281,250.0,350.0,448350.0,62769.0,385581.0,333060.0,52521.0,2013-12-01,12,december,2013
658,small business,canada,amarilla,high,888,260.0,300.0,266400.0,37296.0,229104.0,222000.0,7104.0,2014-03-01,3,march,2014
659,enterprise,united states of america,amarilla,high,2844,260.0,125.0,355500.0,49770.0,305730.0,341280.0,-35550.0,2014-05-01,5,may,2014
660,channel partners,france,amarilla,high,2475,260.0,12.0,29700.0,4158.0,25542.0,7425.0,18117.0,2014-08-01,8,august,2014
661,midmarket,canada,amarilla,high,1743,260.0,15.0,26145.0,3660.3,22484.7,17430.0,5054.700000000001,2013-10-01,10,october,2013
662,channel partners,united states of america,amarilla,high,2914,260.0,12.0,34968.0,4895.52,30072.48,8742.0,21330.48,2014-10-01,10,october,2014
663,government,france,amarilla,high,1731,260.0,7.0,12117.0,1696.38,10420.62,8655.0,1765.6200000000008,2014-10-01,10,october,2014
664,government,mexico,amarilla,high,1727,260.0,7.0,12089.0,1692.46,10396.54,8635.0,1761.5400000000009,2013-10-01,10,october,2013
665,midmarket,mexico,amarilla,high,1870,260.0,15.0,28050.0,3927.0,24123.0,18700.0,5423.0,2013-11-01,11,november,2013
666,enterprise,france,carretera,high,1174,3.0,125.0,146750.0,22012.5,124737.5,140880.0,-16142.5,2014-08-01,8,august,2014
667,enterprise,germany,carretera,high,2767,3.0,125.0,345875.0,51881.25,293993.75,332040.0,-38046.25,2014-08-01,8,august,2014
668,enterprise,germany,carretera,high,1085,3.0,125.0,135625.0,20343.75,115281.25,130200.0,-14918.75,2014-10-01,10,october,2014
669,small business,mexico,montana,high,546,5.0,300.0,163800.0,24570.0,139230.0,136500.0,2730.0,2014-10-01,10,october,2014
670,government,germany,paseo,high,1158,10.0,20.0,23160.0,3474.0,19686.0,11580.0,8106.0,2014-03-01,3,march,2014
671,midmarket,canada,paseo,high,1614,10.0,15.0,24210.0,3631.5,20578.5,16140.0,4438.5,2014-04-01,4,april,2014
672,government,mexico,paseo,high,2535,10.0,7.0,17745.0,2661.75,15083.25,12675.0,2408.25,2014-04-01,4,april,2014
673,government,mexico,paseo,high,2851,10.0,350.0,997850.0,149677.5,848172.5,741260.0,106912.5,2014-05-01,5,may,2014
674,midmarket,canada,paseo,high,2559,10.0,15.0,38385.0,5757.75,32627.25,25590.0,7037.25,2014-08-01,8,august,2014
675,government,united states of america,paseo,high,267,10.0,20.0,5340.0,801.0,4539.0,2670.0,1869.0,2013-10-01,10,october,2013
676,enterprise,germany,paseo,high,1085,10.0,125.0,135625.0,20343.75,115281.25,130200.0,-14918.75,2014-10-01,10,october,2014
677,midmarket,germany,paseo,high,1175,10.0,15.0,17625.0,2643.75,14981.25,11750.0,3231.25,2014-10-01,10,october,2014
678,government,united states of america,paseo,high,2007,10.0,350.0,702450.0,105367.5,597082.5,521820.0,75262.5,2013-11-01,11,november,2013
679,government,mexico,paseo,high,2151,10.0,350.0,752850.0,112927.5,639922.5,559260.0,80662.5,2013-11-01,11,november,2013
680,channel partners,united states of america,paseo,high,914,10.0,12.0,10968.0,1645.2,9322.8,2742.0,6580.799999999999,2014-12-01,12,december,2014
681,government,france,paseo,high,293,10.0,20.0,5860.0,879.0,4981.0,2930.0,2051.0,2014-12-01,12,december,2014
682,channel partners,mexico,velo,high,500,120.0,12.0,6000.0,900.0,5100.0,1500.0,3600.0,2014-03-01,3,march,2014
683,midmarket,france,velo,high,2826,120.0,15.0,42390.0,6358.5,36031.5,28260.0,7771.5,2014-05-01,5,may,2014
684,enterprise,france,velo,high,663,120.0,125.0,82875.0,12431.25,70443.75,79560.0,-9116.25,2014-09-01,9,september,2014
685,small business,united states of america,velo,high,2574,120.0,300.0,772200.0,115830.0,656370.0,643500.0,12870.0,2013-11-01,11,november,2013
686,enterprise,united states of america,velo,high,2438,120.0,125.0,304750.0,45712.5,259037.5,292560.0,-33522.5,2013-12-01,12,december,2013
687,channel partners,united states of america,velo,high,914,120.0,12.0,10968.0,1645.2,9322.8,2742.0,6580.799999999999,2014-12-01,12,december,2014
688,government,canada,vtt,high,865,250.0,20.0,17310.0,2596.5,14713.5,8655.0,6058.5,2014-07-01,7,july,2014
689,midmarket,germany,vtt,high,492,250.0,15.0,7380.0,1107.0,6273.0,4920.0,1353.0,2014-07-01,7,july,2014
690,government,united states of america,vtt,high,267,250.0,20.0,5340.0,801.0,4539.0,2670.0,1869.0,2013-10-01,10,october,2013
691,midmarket,germany,vtt,high,1175,250.0,15.0,17625.0,2643.75,14981.25,11750.0,3231.25,2014-10-01,10,october,2014
692,enterprise,canada,vtt,high,2954,250.0,125.0,369250.0,55387.5,313862.5,354480.0,-40617.5,2013-11-01,11,november,2013
693,enterprise,germany,vtt,high,552,250.0,125.0,69000.0,10350.0,58650.0,66240.0,-7590.0,2014-11-01,11,november,2014
694,government,france,vtt,high,293,250.0,20.0,5860.0,879.0,4981.0,2930.0,2051.0,2014-12-01,12,december,2014
695,small business,france,amarilla,high,2475,260.0,300.0,742500.0,111375.0,631125.0,618750.0,12375.0,2014-03-01,3,march,2014
696,small business,mexico,amarilla,high,546,260.0,300.0,163800.0,24570.0,139230.0,136500.0,2730.0,2014-10-01,10,october,2014
697,government,mexico,montana,high,1368,5.0,7.0,9576.0,1436.4,8139.6,6840.0,1299.6000000000004,2014-02-01,2,february,2014
698,government,canada,paseo,high,723,10.0,7.0,5061.0,759.15,4301.85,3615.0,686.8500000000004,2014-04-01,4,april,2014
699,channel partners,united states of america,vtt,high,1806,250.0,12.0,21672.0,3250.8,18421.2,5418.0,13003.2,2014-05-01,5,may,2014
